-- phpMyAdmin SQL Dump
-- version 5.2.1
-- https://www.phpmyadmin.net/
--
-- Host: 127.0.0.1
-- Generation Time: Dec 10, 2024 at 02:59 PM
-- Server version: 10.4.32-MariaDB
-- PHP Version: 8.2.12

SET SQL_MODE = "NO_AUTO_VALUE_ON_ZERO";
START TRANSACTION;
SET time_zone = "+00:00";


/*!40101 SET @OLD_CHARACTER_SET_CLIENT=@@CHARACTER_SET_CLIENT */;
/*!40101 SET @OLD_CHARACTER_SET_RESULTS=@@CHARACTER_SET_RESULTS */;
/*!40101 SET @OLD_COLLATION_CONNECTION=@@COLLATION_CONNECTION */;
/*!40101 SET NAMES utf8mb4 */;

--
-- Database: `library`
--

-- --------------------------------------------------------

--
-- Table structure for table `authors`
--

CREATE TABLE `authors` (
  `authorId` int(9) NOT NULL,
  `name` char(255) NOT NULL
) ENGINE=InnoDB DEFAULT CHARSET=utf8mb4 COLLATE=utf8mb4_general_ci;

--
-- Dumping data for table `authors`
--

INSERT INTO `authors` (`authorId`, `name`) VALUES
(116, 'kohl'),
(117, 'rf'),
(118, 'johnny'),
(119, 'mongoose'),
(120, 'george lucas'),
(121, 'delete'),
(122, 'help'),
(123, 'noypi');

-- --------------------------------------------------------

--
-- Table structure for table `books`
--

CREATE TABLE `books` (
  `bookId` int(9) NOT NULL,
  `title` char(255) NOT NULL,
  `authorId` int(9) NOT NULL
) ENGINE=InnoDB DEFAULT CHARSET=utf8mb4 COLLATE=utf8mb4_general_ci;

--
-- Dumping data for table `books`
--

INSERT INTO `books` (`bookId`, `title`, `authorId`) VALUES
(38, 'rfidrr558585uuuu662', 117),
(39, 'the man with many jobs', 118),
(40, 'publishing', 119),
(41, 'star wars', 120);

-- --------------------------------------------------------

--
-- Table structure for table `books_authors`
--

CREATE TABLE `books_authors` (
  `collectionId` int(9) NOT NULL,
  `bookId` int(9) NOT NULL,
  `authorId` int(9) NOT NULL
) ENGINE=InnoDB DEFAULT CHARSET=utf8mb4 COLLATE=utf8mb4_general_ci;

--
-- Dumping data for table `books_authors`
--

INSERT INTO `books_authors` (`collectionId`, `bookId`, `authorId`) VALUES
(33, 38, 117),
(34, 39, 118),
(35, 40, 119),
(36, 41, 120);

-- --------------------------------------------------------

--
-- Table structure for table `used_tokens`
--

CREATE TABLE `used_tokens` (
  `token` varchar(512) NOT NULL,
  `used_at` timestamp NOT NULL DEFAULT current_timestamp()
) ENGINE=InnoDB DEFAULT CHARSET=utf8mb4 COLLATE=utf8mb4_general_ci;

--
-- Dumping data for table `used_tokens`
--

INSERT INTO `used_tokens` (`token`, `used_at`) VALUES
('eyJ0eXAiOiJKV1QiLCJhbGciOiJIUzI1NiJ9.eyJpc3MiOiJodHRwOi8vbGlibGFyeS5vcmciLCJhdXMiOiJodHRwOi8vbGlibGFyeS5jb20iLCJleHAiOjE3MzI1NDc0ODEsImRhdGEiOnsidXNlcm5hbWUiOiJmYWdvdCJ9fQ.9CqfzY459heOnZq_hAoqgSbr0FV_nq6iOJvaTGB2rcQ', '2024-11-25 14:11:53'),
('eyJ0eXAiOiJKV1QiLCJhbGciOiJIUzI1NiJ9.eyJpc3MiOiJodHRwOi8vbGlibGFyeS5vcmciLCJhdXMiOiJodHRwOi8vbGlibGFyeS5jb20iLCJleHAiOjE3MzI1NDc1OTUsImRhdGEiOnsidXNlcm5hbWUiOiJmYWdvdCJ9fQ.Y8YmsunGEOgHZfgq7QMYH-mO_gnasA4xI76AD0xSQd8', '2024-11-25 14:13:32'),
('eyJ0eXAiOiJKV1QiLCJhbGciOiJIUzI1NiJ9.eyJpc3MiOiJodHRwOi8vbGlibGFyeS5vcmciLCJhdXMiOiJodHRwOi8vbGlibGFyeS5jb20iLCJleHAiOjE3MzI1NDc3NzUsImRhdGEiOnsidXNlcm5hbWUiOiJmYWdvdCJ9fQ.-Fo_5od7I2c64Um8cVLWzfzRwGGbNvSmqwWJHp-8xWc', '2024-11-25 14:16:37'),
('eyJ0eXAiOiJKV1QiLCJhbGciOiJIUzI1NiJ9.eyJpc3MiOiJodHRwOi8vbGlibGFyeS5vcmciLCJhdXMiOiJodHRwOi8vbGlibGFyeS5jb20iLCJleHAiOjE3MzI1NDc5MDIsImRhdGEiOnsidXNlcm5hbWUiOiJmYWdvdCJ9fQ.iwbT5Bsp2gg_3XD_8TfS8DUKfBOg92FsYSRLHcjfynA', '2024-11-25 14:18:41'),
('eyJ0eXAiOiJKV1QiLCJhbGciOiJIUzI1NiJ9.eyJpc3MiOiJodHRwOi8vbGlibGFyeS5vcmciLCJhdXMiOiJodHRwOi8vbGlibGFyeS5jb20iLCJleHAiOjE3MzI1NDgxMzMsImRhdGEiOnsidXNlcm5hbWUiOiJmYWdvdCJ9fQ.LY5l3AcOQnriR-IGcq_LR_R3cI8-wVAN_8KkJeKeBfk', '2024-11-25 14:22:25'),
('eyJ0eXAiOiJKV1QiLCJhbGciOiJIUzI1NiJ9.eyJpc3MiOiJodHRwOi8vbGlibGFyeS5vcmciLCJhdXMiOiJodHRwOi8vbGlibGFyeS5jb20iLCJleHAiOjE3MzI1NDgxOTYsImRhdGEiOnsidXNlcm5hbWUiOiJmYWdvdCJ9fQ.zR4PjNzWmcCsZr1cwYrEUk6g-JSOpIFBoUMik3tABes', '2024-11-25 14:23:27'),
('eyJ0eXAiOiJKV1QiLCJhbGciOiJIUzI1NiJ9.eyJpc3MiOiJodHRwOi8vbGlibGFyeS5vcmciLCJhdXMiOiJodHRwOi8vbGlibGFyeS5jb20iLCJleHAiOjE3MzI1NDY1MzAsImRhdGEiOnsidXNlcm5hbWUiOiJmYWdvdCJ9fQ.PIVa17ClNd47Mvpvyyc2CrsVUS5rvv9GlPme0ZvURpE', '2024-11-25 13:55:48'),
('eyJ0eXAiOiJKV1QiLCJhbGciOiJIUzI1NiJ9.eyJpc3MiOiJodHRwOi8vbGlibGFyeS5vcmciLCJhdXMiOiJodHRwOi8vbGlibGFyeS5jb20iLCJleHAiOjE3MzI1NDY4ODYsImRhdGEiOnsidXNlcm5hbWUiOiJmYWdvdCJ9fQ.J9z2bsFuHdU_QPg-e_8Tp6jbo3Fyup9xOp7x8-3srUg', '2024-11-25 14:01:40'),
('eyJ0eXAiOiJKV1QiLCJhbGciOiJIUzI1NiJ9.eyJpc3MiOiJodHRwOi8vbGlibGFyeS5vcmciLCJhdXMiOiJodHRwOi8vbGlibGFyeS5jb20iLCJleHAiOjE3MzI1NDYyNjQsImRhdGEiOnsidXNlcm5hbWUiOiJmYWdvdCJ9fQ.n-INmyY4Ek6rAq7876hyVnedrp9VNkiiunRvBXpQwT0', '2024-11-25 13:52:18'),
('eyJ0eXAiOiJKV1QiLCJhbGciOiJIUzI1NiJ9.eyJpc3MiOiJodHRwOi8vbGlibGFyeS5vcmciLCJhdXMiOiJodHRwOi8vbGlibGFyeS5jb20iLCJleHAiOjE3MzI2ODU2OTYsImRhdGEiOnsidXNlcm5hbWUiOiJqdWdzdHYifX0.dLW7ufpwjMvI1pqi-UuYoLA0Hblmm8HU-SnPeElLCFE', '2024-11-27 04:36:33'),
('eyJ0eXAiOiJKV1QiLCJhbGciOiJIUzI1NiJ9.eyJpc3MiOiJodHRwOi8vbGlibGFyeS5vcmciLCJhdXMiOiJodHRwOi8vbGlibGFyeS5jb20iLCJleHAiOjE3MzI2ODU4NDQsImRhdGEiOnsidXNlcm5hbWUiOiJqdWdzdHYifX0.c9-9fqOVafxrN2x7Pb9X43EQXbtjJ6Ydx1dhlqRBTxQ', '2024-11-27 04:37:43'),
('eyJ0eXAiOiJKV1QiLCJhbGciOiJIUzI1NiJ9.eyJpc3MiOiJodHRwOi8vbGlibGFyeS5vcmciLCJhdXMiOiJodHRwOi8vbGlibGFyeS5jb20iLCJleHAiOjE3MzI2ODYwNDcsImRhdGEiOnsidXNlcm5hbWUiOiJqdWdzdHYifX0.W1GekGxZzlmQecWCsj5CX-H8luRzOcO32vbN4aE7f0k', '2024-11-27 04:41:04'),
('eyJ0eXAiOiJKV1QiLCJhbGciOiJIUzI1NiJ9.eyJpc3MiOiJodHRwOi8vbGlicmFyeS5vcmciLCJhdWQiOiJodHRwOi8vbGlicmFyeS5jb20iLCJleHAiOjE3MzM2Mzg3NzEsImRhdGEiOnsidXNlcm5hbWUiOiJ5b2wifX0.-Kdh6Rua2BUpIU6RWNhagfOdGnPiI53oRTz2R-3pyEQ', '2024-12-08 05:34:22'),
('eyJ0eXAiOiJKV1QiLCJhbGciOiJIUzI1NiJ9.eyJpc3MiOiJodHRwOi8vbGlicmFyeS5vcmciLCJhdWQiOiJodHRwOi8vbGlicmFyeS5jb20iLCJleHAiOjE3MzM2NjA1NzQsImRhdGEiOnsidXNlcm5hbWUiOiJmbyJ9fQ.sHSOW9t6Kt5zkyerljMTKevl5epu45fhRVUPJcgHCAQ', '2024-12-08 11:23:25'),
('eyJ0eXAiOiJKV1QiLCJhbGciOiJIUzI1NiJ9.eyJpc3MiOiJodHRwOi8vbGlicmFyeS5vcmciLCJhdWQiOiJodHRwOi8vbGlicmFyeS5jb20iLCJleHAiOjE3MzM2NjA2NjUsImRhdGEiOnsidXNlcm5hbWUiOiJ5b3lvIn19.O2wlWAeO-6IcVNI5mwEZPcftspWh45S8FCd0HsEsNFo', '2024-12-08 11:24:48'),
('eyJ0eXAiOiJKV1QiLCJhbGciOiJIUzI1NiJ9.eyJpc3MiOiJodHRwOi8vbGlicmFyeS5vcmciLCJhdWQiOiJodHRwOi8vbGlicmFyeS5jb20iLCJleHAiOjE3MzM2NjcyMTcsImRhdGEiOnsidXNlcm5hbWUiOiJkaWNzYSJ9fQ.UN_CMdqYo_P3_PFFlZK9lpJ56TogqeiXG1JV8nMOP5k', '2024-12-08 14:10:12'),
('eyJ0eXAiOiJKV1QiLCJhbGciOiJIUzI1NiJ9.eyJpc3MiOiJodHRwOi8vbGlicmFyeS5vcmciLCJhdWQiOiJodHRwOi8vbGlicmFyeS5jb20iLCJleHAiOjE3MzM2NjgyMDMsImRhdGEiOnsidXNlcm5hbWUiOiJkaWNzYSJ9fQ.a4ZR9rF8pywVsYh6Ud6JmWEJScBgnVoiewbWk1O7n8w', '2024-12-08 13:30:15'),
('eyJ0eXAiOiJKV1QiLCJhbGciOiJIUzI1NiJ9.eyJpc3MiOiJodHRwOi8vbGlicmFyeS5vcmciLCJhdWQiOiJodHRwOi8vbGlicmFyeS5jb20iLCJleHAiOjE3MzM2Njk2NDcsImRhdGEiOnsidXNlcm5hbWUiOiJkaWNzYSJ9fQ.GlzMXOA85kDhhwABdE9J3Yu7smdvx1o7EQgbJvDr72k', '2024-12-08 13:54:51'),
('eyJ0eXAiOiJKV1QiLCJhbGciOiJIUzI1NiJ9.eyJpc3MiOiJodHRwOi8vbGlicmFyeS5vcmciLCJhdWQiOiJodHRwOi8vbGlicmFyeS5jb20iLCJleHAiOjE3MzM2Njk4MjAsImRhdGEiOnsidXNlcm5hbWUiOiJkaWNzYSJ9fQ.6wttud6H-Jtepi9m2x3vyAfs0Xz6e1tGwt__YYt0dfQ', '2024-12-08 13:57:14'),
('eyJ0eXAiOiJKV1QiLCJhbGciOiJIUzI1NiJ9.eyJpc3MiOiJodHRwOi8vbGlicmFyeS5vcmciLCJhdWQiOiJodHRwOi8vbGlicmFyeS5jb20iLCJleHAiOjE3MzM2NjQ1MjcsImRhdGEiOnsidXNlcm5hbWUiOiJkaWNzYSJ9fQ.XJGlM5h0kNPF-tRjpzC9Qq5e34qG0hbzUcPDAgiINC0', '2024-12-08 12:29:27'),
('eyJ0eXAiOiJKV1QiLCJhbGciOiJIUzI1NiJ9.eyJpc3MiOiJodHRwOi8vbGlicmFyeS5vcmciLCJhdWQiOiJodHRwOi8vbGlicmFyeS5jb20iLCJleHAiOjE3MzM2NjY3MzksImRhdGEiOnsidXNlcm5hbWUiOiJkaWNzYSJ9fQ.A3A9EI32E4mtmE8HlQF0oXvQ_JZYUPF1cjtkVUcQz0U', '2024-12-08 13:05:55'),
('eyJ0eXAiOiJKV1QiLCJhbGciOiJIUzI1NiJ9.eyJpc3MiOiJodHRwOi8vbGlicmFyeS5vcmciLCJhdWQiOiJodHRwOi8vbGlicmFyeS5jb20iLCJleHAiOjE3MzM2NjY5NzIsImRhdGEiOnsidXNlcm5hbWUiOiJkaWNzYSJ9fQ.kSR7245-xHrONJcxNC7VNNVENUOE_tSedWLgAx0khtM', '2024-12-08 13:09:46'),
('eyJ0eXAiOiJKV1QiLCJhbGciOiJIUzI1NiJ9.eyJpc3MiOiJodHRwOi8vbGlicmFyeS5vcmciLCJhdWQiOiJodHRwOi8vbGlicmFyeS5jb20iLCJleHAiOjE3MzM2NTcwMzMsImRhdGEiOnsidXNlcm5hbWUiOiJkaWNzYSJ9fQ.wlEIA_umLYxPtDVOlk7k9mKTlMnhA_urxQZHy0s5oac', '2024-12-08 10:24:42'),
('eyJ0eXAiOiJKV1QiLCJhbGciOiJIUzI1NiJ9.eyJpc3MiOiJodHRwOi8vbGlicmFyeS5vcmciLCJhdWQiOiJodHRwOi8vbGlicmFyeS5jb20iLCJleHAiOjE3MzM2NTcxMzgsImRhdGEiOnsidXNlcm5hbWUiOiJkaWNzYSJ9fQ.3nVok-fmJKvpTxsFyjvfBXsIl8IAeclVuvs_sz0we50', '2024-12-08 10:27:45'),
('eyJ0eXAiOiJKV1QiLCJhbGciOiJIUzI1NiJ9.eyJpc3MiOiJodHRwOi8vbGlicmFyeS5vcmciLCJhdWQiOiJodHRwOi8vbGlicmFyeS5jb20iLCJleHAiOjE3MzM2NzA0ODksImRhdGEiOnsidXNlcm5hbWUiOiJkaWNzYSJ9fQ.gbGNvqFPQZkxkfp6DZ4GkwPkm3-HctCffBgbTy1J_CA', '2024-12-08 14:08:25'),
('eyJ0eXAiOiJKV1QiLCJhbGciOiJIUzI1NiJ9.eyJpc3MiOiJodHRwOi8vbGlicmFyeS5vcmciLCJhdWQiOiJodHRwOi8vbGlicmFyeS5jb20iLCJleHAiOjE3MzM2NzAxMjIsImRhdGEiOnsidXNlcm5hbWUiOiJkaWNzYSJ9fQ.WxS9YBWgY5JM8xo4RF-IZ6Dc6UY9FZRoI-MAAGo359s', '2024-12-08 14:03:03'),
('eyJ0eXAiOiJKV1QiLCJhbGciOiJIUzI1NiJ9.eyJpc3MiOiJodHRwOi8vbGlicmFyeS5vcmciLCJhdWQiOiJodHRwOi8vbGlicmFyeS5jb20iLCJleHAiOjE3MzM2Nzc5NDgsImRhdGEiOnsidXNlcm5hbWUiOiJkaWNzYSJ9fQ.rZohSS_FoGUIj3OuhDyA1GQ6ulCJjEuYfm3Fhg0qPYg', '2024-12-08 16:13:08'),
('eyJ0eXAiOiJKV1QiLCJhbGciOiJIUzI1NiJ9.eyJpc3MiOiJodHRwOi8vbGlicmFyeS5vcmciLCJhdWQiOiJodHRwOi8vbGlicmFyeS5jb20iLCJleHAiOjE3MzM2NzE4NjMsImRhdGEiOnsidXNlcm5hbWUiOiJkaWNzYSJ9fQ.hrziruItqQpK2adl6DBInOycBfTCnQPLFe5kM8GC8Yk', '2024-12-08 14:33:03'),
('eyJ0eXAiOiJKV1QiLCJhbGciOiJIUzI1NiJ9.eyJpc3MiOiJodHRwOi8vbGlicmFyeS5vcmciLCJhdWQiOiJodHRwOi8vbGlicmFyeS5jb20iLCJleHAiOjE3MzM2NzEzOTEsImRhdGEiOnsidXNlcm5hbWUiOiJkaWNzYSJ9fQ.wdkawLiUN5LewRwZSWK5vDER2ArXnKj9FrxM96-P8iQ', '2024-12-08 14:23:23'),
('eyJ0eXAiOiJKV1QiLCJhbGciOiJIUzI1NiJ9.eyJpc3MiOiJodHRwOi8vbGlicmFyeS5vcmciLCJhdWQiOiJodHRwOi8vbGlicmFyeS5jb20iLCJleHAiOjE3MzM2Nzg1NDIsImRhdGEiOnsidXNlcm5hbWUiOiJkaWNzYSJ9fQ.mdzZlhAfuQQRjwe2MqgCGmAK_UrrWo7PjrNNjqTuwtI', '2024-12-08 16:22:41'),
('eyJ0eXAiOiJKV1QiLCJhbGciOiJIUzI1NiJ9.eyJpc3MiOiJodHRwOi8vbGlicmFyeS5vcmciLCJhdWQiOiJodHRwOi8vbGlicmFyeS5jb20iLCJleHAiOjE3MzM2NzI3OTIsImRhdGEiOnsidXNlcm5hbWUiOiJkaWNzYSJ9fQ.oczbKsbL33VjsEX6shZ2B7ZWo0TmgVXFn-C08SgO2QI', '2024-12-08 14:46:46'),
('eyJ0eXAiOiJKV1QiLCJhbGciOiJIUzI1NiJ9.eyJpc3MiOiJodHRwOi8vbGlicmFyeS5vcmciLCJhdWQiOiJodHRwOi8vbGlicmFyeS5jb20iLCJleHAiOjE3MzM2Nzk5ODgsImRhdGEiOnsidXNlcm5hbWUiOiJkaWNzYSJ9fQ.W7piyVJVmTkimo03oNvqJ3EyypVjQsr7ixtvjHiAMU0', '2024-12-08 16:46:36'),
('eyJ0eXAiOiJKV1QiLCJhbGciOiJIUzI1NiJ9.eyJpc3MiOiJodHRwOi8vbGlicmFyeS5vcmciLCJhdWQiOiJodHRwOi8vbGlicmFyeS5jb20iLCJleHAiOjE3MzM2NzkwNzMsImRhdGEiOnsidXNlcm5hbWUiOiJkaWNzYSJ9fQ.VMz127_Nc0nvwb6RnvVioam6_82FWuI9WkkDHQUy2ak', '2024-12-08 16:31:30'),
('eyJ0eXAiOiJKV1QiLCJhbGciOiJIUzI1NiJ9.eyJpc3MiOiJodHRwOi8vbGlicmFyeS5vcmciLCJhdWQiOiJodHRwOi8vbGlicmFyeS5jb20iLCJleHAiOjE3MzM2NzM0MjYsImRhdGEiOnsidXNlcm5hbWUiOiJkaWNzYSJ9fQ.skF8j7paV4RQ1tl9iihCRS9ZeANBXuVlgajFlt3_gY4', '2024-12-08 15:53:56'),
('eyJ0eXAiOiJKV1QiLCJhbGciOiJIUzI1NiJ9.eyJpc3MiOiJodHRwOi8vbGlicmFyeS5vcmciLCJhdWQiOiJodHRwOi8vbGlicmFyeS5jb20iLCJleHAiOjE3MzM2NzM2MTAsImRhdGEiOnsidXNlcm5hbWUiOiJkaWNzYSJ9fQ.w4yLZwQ_wnDmF6hMgYrDtXmauNilgmx__8WtSUeW4iM', '2024-12-08 15:00:27'),
('eyJ0eXAiOiJKV1QiLCJhbGciOiJIUzI1NiJ9.eyJpc3MiOiJodHRwOi8vbGlicmFyeS5vcmciLCJhdWQiOiJodHRwOi8vbGlicmFyeS5jb20iLCJleHAiOjE3MzM2NzM2NjQsImRhdGEiOnsidXNlcm5hbWUiOiJkaWNzYSJ9fQ.ssGnTQ8Js9GfyutPpvfIroRxRLuoEPM-7IBzK0Gjfus', '2024-12-08 15:56:09'),
('eyJ0eXAiOiJKV1QiLCJhbGciOiJIUzI1NiJ9.eyJpc3MiOiJodHRwOi8vbGlicmFyeS5vcmciLCJhdWQiOiJodHRwOi8vbGlicmFyeS5jb20iLCJleHAiOjE3MzM2NzMwMDYsImRhdGEiOnsidXNlcm5hbWUiOiJkaWNzYSJ9fQ.JrefnNSCNIumk4IDs8es4MxgoBHtnpg91R70hP5Oc-g', '2024-12-08 14:50:27'),
('eyJ0eXAiOiJKV1QiLCJhbGciOiJIUzI1NiJ9.eyJpc3MiOiJodHRwOi8vbGlicmFyeS5vcmciLCJhdWQiOiJodHRwOi8vbGlicmFyeS5jb20iLCJleHAiOjE3MzM2NzMxNjIsImRhdGEiOnsidXNlcm5hbWUiOiJkaWNzYSJ9fQ.Nq9KqBkqqxqJqAwMyGrBgc5hvN3qmh6ckZ_rsXv8q1E', '2024-12-08 14:53:00'),
('eyJ0eXAiOiJKV1QiLCJhbGciOiJIUzI1NiJ9.eyJpc3MiOiJodHRwOi8vbGlicmFyeS5vcmciLCJhdWQiOiJodHRwOi8vbGlicmFyeS5jb20iLCJleHAiOjE3MzM2NzQ1MjQsImRhdGEiOnsidXNlcm5hbWUiOiJkaWNzYSJ9fQ.MrpA3038YETmrlZLfY5Wjp0J2Pj8dFm9TFMLxEEyKyY', '2024-12-08 15:15:37'),
('eyJ0eXAiOiJKV1QiLCJhbGciOiJIUzI1NiJ9.eyJpc3MiOiJodHRwOi8vbGlicmFyeS5vcmciLCJhdWQiOiJodHRwOi8vbGlicmFyeS5jb20iLCJleHAiOjE3MzM2NzQ3MDAsImRhdGEiOnsidXNlcm5hbWUiOiJkaWNzYSJ9fQ.yO2OoYYkVrimgj4_3ZEea7P1R4wOhkB9baBG4WMhKKI', '2024-12-08 16:13:24'),
('eyJ0eXAiOiJKV1QiLCJhbGciOiJIUzI1NiJ9.eyJpc3MiOiJodHRwOi8vbGlicmFyeS5vcmciLCJhdWQiOiJodHRwOi8vbGlicmFyeS5jb20iLCJleHAiOjE3MzM2NzQ3MDQsImRhdGEiOnsidXNlcm5hbWUiOiJkaWNzYSJ9fQ.X7jX3zwNOnBEHRMmxv97yQZwhSPPIJpPu5tKmIXTgIk', '2024-12-08 16:15:00'),
('eyJ0eXAiOiJKV1QiLCJhbGciOiJIUzI1NiJ9.eyJpc3MiOiJodHRwOi8vbGlicmFyeS5vcmciLCJhdWQiOiJodHRwOi8vbGlicmFyeS5jb20iLCJleHAiOjE3MzM2NzQ4MDEsImRhdGEiOnsidXNlcm5hbWUiOiJkaWNzYSJ9fQ.m6ZzLaoU03etBZyGRlTTrZe0OlJ2Clzrtll17jdH2P4', '2024-12-08 16:15:14'),
('eyJ0eXAiOiJKV1QiLCJhbGciOiJIUzI1NiJ9.eyJpc3MiOiJodHRwOi8vbGlicmFyeS5vcmciLCJhdWQiOiJodHRwOi8vbGlicmFyeS5jb20iLCJleHAiOjE3MzM2NzQ4MTUsImRhdGEiOnsidXNlcm5hbWUiOiJkaWNzYSJ9fQ.WVDP-9Xquos-DpTeTjtTbyaEg9DO27BEwKnyiMMDckw', '2024-12-08 16:18:07'),
('eyJ0eXAiOiJKV1QiLCJhbGciOiJIUzI1NiJ9.eyJpc3MiOiJodHRwOi8vbGlicmFyeS5vcmciLCJhdWQiOiJodHRwOi8vbGlicmFyeS5jb20iLCJleHAiOjE3MzM2NzQ5ODgsImRhdGEiOnsidXNlcm5hbWUiOiJkaWNzYSJ9fQ.25UBiVb-vzyDjGugCHZmXIOXToUbxyFueYfQtmJUFHM', '2024-12-08 16:21:59'),
('eyJ0eXAiOiJKV1QiLCJhbGciOiJIUzI1NiJ9.eyJpc3MiOiJodHRwOi8vbGlicmFyeS5vcmciLCJhdWQiOiJodHRwOi8vbGlicmFyeS5jb20iLCJleHAiOjE3MzM2NzU1MDksImRhdGEiOnsidXNlcm5hbWUiOiJkaWNzYSJ9fQ.3dPhURpUJd2kO7m5f7-dc9A0W0I3sNxCb2wFncxSCX0', '2024-12-08 16:26:54'),
('eyJ0eXAiOiJKV1QiLCJhbGciOiJIUzI1NiJ9.eyJpc3MiOiJodHRwOi8vbGlicmFyeS5vcmciLCJhdWQiOiJodHRwOi8vbGlicmFyeS5jb20iLCJleHAiOjE3MzM2NzU1MTQsImRhdGEiOnsidXNlcm5hbWUiOiJkaWNzYSJ9fQ.mMidFpEGQ3r5Rsddci0hc9UsGk5-1YWfKm5FY5HBrY8', '2024-12-08 16:30:51'),
('eyJ0eXAiOiJKV1QiLCJhbGciOiJIUzI1NiJ9.eyJpc3MiOiJodHRwOi8vbGlicmFyeS5vcmciLCJhdWQiOiJodHRwOi8vbGlicmFyeS5jb20iLCJleHAiOjE3MzM2NzU4MDEsImRhdGEiOnsidXNlcm5hbWUiOiJkaWNzYSJ9fQ.kGSkzGGpF98AJ_oGDwK3F7kou46YyaZUdosAbInlunw', '2024-12-08 16:31:45'),
('eyJ0eXAiOiJKV1QiLCJhbGciOiJIUzI1NiJ9.eyJpc3MiOiJodHRwOi8vbGlicmFyeS5vcmciLCJhdWQiOiJodHRwOi8vbGlicmFyeS5jb20iLCJleHAiOjE3MzM2NzU4MDUsImRhdGEiOnsidXNlcm5hbWUiOiJkaWNzYSJ9fQ.FlIpu4jgvQRA8B8AI1SWO7ojlTZ_aHO9p-FsykR_sBM', '2024-12-08 16:35:13'),
('eyJ0eXAiOiJKV1QiLCJhbGciOiJIUzI1NiJ9.eyJpc3MiOiJodHRwOi8vbGlicmFyeS5vcmciLCJhdWQiOiJodHRwOi8vbGlicmFyeS5jb20iLCJleHAiOjE3MzM2NzUwMjgsImRhdGEiOnsidXNlcm5hbWUiOiJkaWNzYSJ9fQ.nlVy9z1VDcGx3aRCqvA5GKsD21cbaIPTuTTTtLXuiMM', '2024-12-08 15:23:59'),
('eyJ0eXAiOiJKV1QiLCJhbGciOiJIUzI1NiJ9.eyJpc3MiOiJodHRwOi8vbGlicmFyeS5vcmciLCJhdWQiOiJodHRwOi8vbGlicmFyeS5jb20iLCJleHAiOjE3MzM2NzUyNzcsImRhdGEiOnsidXNlcm5hbWUiOiJkaWNzYSJ9fQ.aNmarZqh3VEttv8YyRpF1UP_DEs04kYssbkBFEh1aGk', '2024-12-08 16:26:49'),
('eyJ0eXAiOiJKV1QiLCJhbGciOiJIUzI1NiJ9.eyJpc3MiOiJodHRwOi8vbGlicmFyeS5vcmciLCJhdWQiOiJodHRwOi8vbGlicmFyeS5jb20iLCJleHAiOjE3MzM2NzUyNzIsImRhdGEiOnsidXNlcm5hbWUiOiJkaWNzYSJ9fQ.gFt-ug8DfbkzfV9FeOSsERYYAOPvUVLfojScREz9bvo', '2024-12-08 16:22:57'),
('eyJ0eXAiOiJKV1QiLCJhbGciOiJIUzI1NiJ9.eyJpc3MiOiJodHRwOi8vbGlicmFyeS5vcmciLCJhdWQiOiJodHRwOi8vbGlicmFyeS5jb20iLCJleHAiOjE3MzM2NzY0OTksImRhdGEiOnsidXNlcm5hbWUiOiJkaWNzYSJ9fQ.6B-n1hjdvLfKIMUl8WH-b_cFlpNDff9KPp1-i7JnSgA', '2024-12-08 15:48:46'),
('eyJ0eXAiOiJKV1QiLCJhbGciOiJIUzI1NiJ9.eyJpc3MiOiJodHRwOi8vbGlicmFyeS5vcmciLCJhdWQiOiJodHRwOi8vbGlicmFyeS5jb20iLCJleHAiOjE3MzM2NzY2OTksImRhdGEiOnsidXNlcm5hbWUiOiJkaWNzYSJ9fQ.VWBofRF65pqFZOcFvEpdc3Q3fEtdD7MeN2j44fUIkbY', '2024-12-08 15:51:54'),
('eyJ0eXAiOiJKV1QiLCJhbGciOiJIUzI1NiJ9.eyJpc3MiOiJodHRwOi8vbGlicmFyeS5vcmciLCJhdWQiOiJodHRwOi8vbGlicmFyeS5jb20iLCJleHAiOjE3MzM2NzY2OTYsImRhdGEiOnsidXNlcm5hbWUiOiJkaWNzYSJ9fQ.C9hqFeKy6CtASFH3lmsCAdfk1RiTRIGR8DGpCc7o3W0', '2024-12-08 16:46:57'),
('eyJ0eXAiOiJKV1QiLCJhbGciOiJIUzI1NiJ9.eyJpc3MiOiJodHRwOi8vbGlicmFyeS5vcmciLCJhdWQiOiJodHRwOi8vbGlicmFyeS5jb20iLCJleHAiOjE3MzM2NzY3MTcsImRhdGEiOnsidXNlcm5hbWUiOiJkaWNzYSJ9fQ.Erli2v1t_laG9soqUIYjbUOYnTwCUZClkS8ODhiekcc', '2024-12-08 16:47:51'),
('eyJ0eXAiOiJKV1QiLCJhbGciOiJIUzI1NiJ9.eyJpc3MiOiJodHRwOi8vbGlicmFyeS5vcmciLCJhdWQiOiJodHRwOi8vbGlicmFyeS5jb20iLCJleHAiOjE3MzM2NzY3OTYsImRhdGEiOnsidXNlcm5hbWUiOiJkaWNzYSJ9fQ.dZ6k9NCVo6pMjyEEg8EPfeps1zvbRNun4qZd330VgV8', '2024-12-08 16:48:21'),
('eyJ0eXAiOiJKV1QiLCJhbGciOiJIUzI1NiJ9.eyJpc3MiOiJodHRwOi8vbGlicmFyeS5vcmciLCJhdWQiOiJodHRwOi8vbGlicmFyeS5jb20iLCJleHAiOjE3MzM2NzY4MDEsImRhdGEiOnsidXNlcm5hbWUiOiJkaWNzYSJ9fQ.V9nEQ2L-S6g7rvOloOftJ9HQ-_LYxW9Lyq8FWwg7dfk', '2024-12-08 16:51:32'),
('eyJ0eXAiOiJKV1QiLCJhbGciOiJIUzI1NiJ9.eyJpc3MiOiJodHRwOi8vbGlicmFyeS5vcmciLCJhdWQiOiJodHRwOi8vbGlicmFyeS5jb20iLCJleHAiOjE3MzM2NzY5NDEsImRhdGEiOnsidXNlcm5hbWUiOiJkaWNzYSJ9fQ.7DXrG4XDcjGf8r6bPf_ydtD3Yz5iVZFJxPRF8JbvRX8', '2024-12-08 15:55:54'),
('eyJ0eXAiOiJKV1QiLCJhbGciOiJIUzI1NiJ9.eyJpc3MiOiJodHRwOi8vbGlicmFyeS5vcmciLCJhdWQiOiJodHRwOi8vbGlicmFyeS5jb20iLCJleHAiOjE3MzM3MjA1MTUsImRhdGEiOnsidXNlcm5hbWUiOiJkaWNzYSJ9fQ.fI3-x5uxBo-7fJ2v7Ime7y4_nTEp1_fDC4k77AT_Rj8', '2024-12-09 04:57:20'),
('eyJ0eXAiOiJKV1QiLCJhbGciOiJIUzI1NiJ9.eyJpc3MiOiJodHRwOi8vbGlicmFyeS5vcmciLCJhdWQiOiJodHRwOi8vbGlicmFyeS5jb20iLCJleHAiOjE3MzM3MjA1MzksImRhdGEiOnsidXNlcm5hbWUiOiJkaWNzYSJ9fQ.TLGSnwz5OuLO3_Qi2ye8wczQzBzwtSmL-mpGtQok2IQ', '2024-12-09 04:02:22'),
('eyJ0eXAiOiJKV1QiLCJhbGciOiJIUzI1NiJ9.eyJpc3MiOiJodHRwOi8vbGlicmFyeS5vcmciLCJhdWQiOiJodHRwOi8vbGlicmFyeS5jb20iLCJleHAiOjE3MzM3MjA1NDAsImRhdGEiOnsidXNlcm5hbWUiOiJkaWNzYSJ9fQ.smh4UKGigk9NyXuI8VaOmrzDNxEWg4NJThOLVBbPuXw', '2024-12-09 04:58:22'),
('eyJ0eXAiOiJKV1QiLCJhbGciOiJIUzI1NiJ9.eyJpc3MiOiJodHRwOi8vbGlicmFyeS5vcmciLCJhdWQiOiJodHRwOi8vbGlicmFyeS5jb20iLCJleHAiOjE3MzM3MjA2MDIsImRhdGEiOnsidXNlcm5hbWUiOiJkaWNzYSJ9fQ.tP4RxJnTOJHAqjlBmGFcZ17Q_kxiqZXcwTCcek0iLx4', '2024-12-09 05:00:00'),
('eyJ0eXAiOiJKV1QiLCJhbGciOiJIUzI1NiJ9.eyJpc3MiOiJodHRwOi8vbGlicmFyeS5vcmciLCJhdWQiOiJodHRwOi8vbGlicmFyeS5jb20iLCJleHAiOjE3MzM3MjA3MDEsImRhdGEiOnsidXNlcm5hbWUiOiJkaWNzYSJ9fQ.F9iK-DKSlkQOK7VXhDioTBYNMyHyInm9FHolsbV6QCk', '2024-12-09 05:01:06'),
('eyJ0eXAiOiJKV1QiLCJhbGciOiJIUzI1NiJ9.eyJpc3MiOiJodHRwOi8vbGlicmFyeS5vcmciLCJhdWQiOiJodHRwOi8vbGlicmFyeS5jb20iLCJleHAiOjE3MzM3MjAwMzksImRhdGEiOnsidXNlcm5hbWUiOiJkaWNzYSJ9fQ.ZY7hKIhUynv0TYCAbWs87k_wuBwRMht8NIm7D02hLos', '2024-12-09 04:50:34'),
('eyJ0eXAiOiJKV1QiLCJhbGciOiJIUzI1NiJ9.eyJpc3MiOiJodHRwOi8vbGlicmFyeS5vcmciLCJhdWQiOiJodHRwOi8vbGlicmFyeS5jb20iLCJleHAiOjE3MzM3MjAxMzQsImRhdGEiOnsidXNlcm5hbWUiOiJkaWNzYSJ9fQ.4r-yjpy0xSQa0Tk0V7mHs6FXU5q53YkFlGpxd1JgeoE', '2024-12-09 04:51:16'),
('eyJ0eXAiOiJKV1QiLCJhbGciOiJIUzI1NiJ9.eyJpc3MiOiJodHRwOi8vbGlicmFyeS5vcmciLCJhdWQiOiJodHRwOi8vbGlicmFyeS5jb20iLCJleHAiOjE3MzM3MjAxNjcsImRhdGEiOnsidXNlcm5hbWUiOiJkaWNzYSJ9fQ.G-36j3a3YvFFYMfWw3jg2ueSb2s_Vo_BoU5oUiv0cl4', '2024-12-09 03:56:10'),
('eyJ0eXAiOiJKV1QiLCJhbGciOiJIUzI1NiJ9.eyJpc3MiOiJodHRwOi8vbGlicmFyeS5vcmciLCJhdWQiOiJodHRwOi8vbGlicmFyeS5jb20iLCJleHAiOjE3MzM3MjAxNzksImRhdGEiOnsidXNlcm5hbWUiOiJkaWNzYSJ9fQ.TfnzvtqRZxBZDffIkYoISOi5Ohidc-8JkFUerMmQbfc', '2024-12-09 04:51:19'),
('eyJ0eXAiOiJKV1QiLCJhbGciOiJIUzI1NiJ9.eyJpc3MiOiJodHRwOi8vbGlicmFyeS5vcmciLCJhdWQiOiJodHRwOi8vbGlicmFyeS5jb20iLCJleHAiOjE3MzM3MjAxNzYsImRhdGEiOnsidXNlcm5hbWUiOiJkaWNzYSJ9fQ.W3iTbKZFr2GPeFydeLsOiHgwCkV2iyfLYbgRLdlVKlI', '2024-12-09 04:51:19'),
('eyJ0eXAiOiJKV1QiLCJhbGciOiJIUzI1NiJ9.eyJpc3MiOiJodHRwOi8vbGlicmFyeS5vcmciLCJhdWQiOiJodHRwOi8vbGlicmFyeS5jb20iLCJleHAiOjE3MzM3MjAxODAsImRhdGEiOnsidXNlcm5hbWUiOiJkaWNzYSJ9fQ.lNWxage5oWeD0vdcW3rT1hhKps4PDQiXaKHDFSe6cxg', '2024-12-09 04:53:50'),
('eyJ0eXAiOiJKV1QiLCJhbGciOiJIUzI1NiJ9.eyJpc3MiOiJodHRwOi8vbGlicmFyeS5vcmciLCJhdWQiOiJodHRwOi8vbGlicmFyeS5jb20iLCJleHAiOjE3MzM3MjAzMzAsImRhdGEiOnsidXNlcm5hbWUiOiJkaWNzYSJ9fQ.pw1NVaxb9Z1ii4rtG3Q95tWnvtcTGn6Apbc3GXhwJ-s', '2024-12-09 04:53:53'),
('eyJ0eXAiOiJKV1QiLCJhbGciOiJIUzI1NiJ9.eyJpc3MiOiJodHRwOi8vbGlicmFyeS5vcmciLCJhdWQiOiJodHRwOi8vbGlicmFyeS5jb20iLCJleHAiOjE3MzM3MjAzMzMsImRhdGEiOnsidXNlcm5hbWUiOiJkaWNzYSJ9fQ.vPdaBG4wK1-YrDf5O7rBN3VD9n5DoG3MnU3NjGd8D2A', '2024-12-09 04:56:55'),
('eyJ0eXAiOiJKV1QiLCJhbGciOiJIUzI1NiJ9.eyJpc3MiOiJodHRwOi8vbGlicmFyeS5vcmciLCJhdWQiOiJodHRwOi8vbGlicmFyeS5jb20iLCJleHAiOjE3MzM3Mjc0MTksImRhdGEiOnsidXNlcm5hbWUiOiJkaWNzYSJ9fQ._j_Ffvoqv4k_zBmt-1_QU6ITUkK56sWbsx_tGr_Sljs', '2024-12-09 06:55:29'),
('eyJ0eXAiOiJKV1QiLCJhbGciOiJIUzI1NiJ9.eyJpc3MiOiJodHRwOi8vbGlicmFyeS5vcmciLCJhdWQiOiJodHRwOi8vbGlicmFyeS5jb20iLCJleHAiOjE3MzM3Mjc1MDgsImRhdGEiOnsidXNlcm5hbWUiOiJkaWNzYSJ9fQ.T__5G7_sr60vD9lFCkRLzrAhw9hVG875sJtsmOxTDfg', '2024-12-09 05:58:36'),
('eyJ0eXAiOiJKV1QiLCJhbGciOiJIUzI1NiJ9.eyJpc3MiOiJodHRwOi8vbGlicmFyeS5vcmciLCJhdWQiOiJodHRwOi8vbGlicmFyeS5jb20iLCJleHAiOjE3MzM3Mjc2MzAsImRhdGEiOnsidXNlcm5hbWUiOiJkaWNzYSJ9fQ.F2FiRJpNDPmwBsBFp58Y-LBN99Qqord7T48JpaSX1cE', '2024-12-09 06:55:42'),
('eyJ0eXAiOiJKV1QiLCJhbGciOiJIUzI1NiJ9.eyJpc3MiOiJodHRwOi8vbGlicmFyeS5vcmciLCJhdWQiOiJodHRwOi8vbGlicmFyeS5jb20iLCJleHAiOjE3MzM3Mjc5NjEsImRhdGEiOnsidXNlcm5hbWUiOiJkaWNzYSJ9fQ.QHmCCVeVjvHrV-5brFRRioUcpFtgIjs7jSFAqUbNuqw', '2024-12-09 06:06:11'),
('eyJ0eXAiOiJKV1QiLCJhbGciOiJIUzI1NiJ9.eyJpc3MiOiJodHRwOi8vbGlicmFyeS5vcmciLCJhdWQiOiJodHRwOi8vbGlicmFyeS5jb20iLCJleHAiOjE3MzM3MjE5NTEsImRhdGEiOnsidXNlcm5hbWUiOiJkaWNzYSJ9fQ.-IBgmwzH_lDVtqY2UOv9upEdTfrVavAEDWEfOv-LdD4', '2024-12-09 04:25:54'),
('eyJ0eXAiOiJKV1QiLCJhbGciOiJIUzI1NiJ9.eyJpc3MiOiJodHRwOi8vbGlicmFyeS5vcmciLCJhdWQiOiJodHRwOi8vbGlicmFyeS5jb20iLCJleHAiOjE3MzM3Mjg3MjAsImRhdGEiOnsidXNlcm5hbWUiOiJkaWNzYSJ9fQ.jS2-BDepmmdI3xazMudZA4HGGF7Q9Dc6sQmPP83C5eo', '2024-12-09 07:13:44'),
('eyJ0eXAiOiJKV1QiLCJhbGciOiJIUzI1NiJ9.eyJpc3MiOiJodHRwOi8vbGlicmFyeS5vcmciLCJhdWQiOiJodHRwOi8vbGlicmFyeS5jb20iLCJleHAiOjE3MzM3Mjg3MjQsImRhdGEiOnsidXNlcm5hbWUiOiJkaWNzYSJ9fQ.uiYcQngi4w9_11h-yGd2H2hL8Ux-ig7C0D7oDDbzhhY', '2024-12-09 07:13:52'),
('eyJ0eXAiOiJKV1QiLCJhbGciOiJIUzI1NiJ9.eyJpc3MiOiJodHRwOi8vbGlicmFyeS5vcmciLCJhdWQiOiJodHRwOi8vbGlicmFyeS5jb20iLCJleHAiOjE3MzM3MjgwNDcsImRhdGEiOnsidXNlcm5hbWUiOiJkaWNzYSJ9fQ.uWUbP4qDhfHwlolbDNUPBaTVAt7WSwGG6Gill0cO8B8', '2024-12-09 07:02:43'),
('eyJ0eXAiOiJKV1QiLCJhbGciOiJIUzI1NiJ9.eyJpc3MiOiJodHRwOi8vbGlicmFyeS5vcmciLCJhdWQiOiJodHRwOi8vbGlicmFyeS5jb20iLCJleHAiOjE3MzM3MjgwNjMsImRhdGEiOnsidXNlcm5hbWUiOiJkaWNzYSJ9fQ.FspleI_21rANfGA-9fWcP2yrH2ofreUWGLeZlciPlE0', '2024-12-09 07:04:13'),
('eyJ0eXAiOiJKV1QiLCJhbGciOiJIUzI1NiJ9.eyJpc3MiOiJodHRwOi8vbGlicmFyeS5vcmciLCJhdWQiOiJodHRwOi8vbGlicmFyeS5jb20iLCJleHAiOjE3MzM3MjgxNTcsImRhdGEiOnsidXNlcm5hbWUiOiJkaWNzYSJ9fQ.NhL-wF9PpbQyUQEV_lSikg_k7Q4b8L2z7uO7sXe0CEY', '2024-12-09 07:05:55'),
('eyJ0eXAiOiJKV1QiLCJhbGciOiJIUzI1NiJ9.eyJpc3MiOiJodHRwOi8vbGlicmFyeS5vcmciLCJhdWQiOiJodHRwOi8vbGlicmFyeS5jb20iLCJleHAiOjE3MzM3MjgxNTMsImRhdGEiOnsidXNlcm5hbWUiOiJkaWNzYSJ9fQ.SSUmZYmk7fpkqyfngsqAJH7a3micbrHCsmkDzrgwDt0', '2024-12-09 07:04:17'),
('eyJ0eXAiOiJKV1QiLCJhbGciOiJIUzI1NiJ9.eyJpc3MiOiJodHRwOi8vbGlicmFyeS5vcmciLCJhdWQiOiJodHRwOi8vbGlicmFyeS5jb20iLCJleHAiOjE3MzM3MjgyNjksImRhdGEiOnsidXNlcm5hbWUiOiJkaWNzYSJ9fQ.bdB3InhKYgf0gEg1defsKrbXwo-wJAzONL7AK9wtDWs', '2024-12-09 07:06:13'),
('eyJ0eXAiOiJKV1QiLCJhbGciOiJIUzI1NiJ9.eyJpc3MiOiJodHRwOi8vbGlicmFyeS5vcmciLCJhdWQiOiJodHRwOi8vbGlicmFyeS5jb20iLCJleHAiOjE3MzM3MjgyNzMsImRhdGEiOnsidXNlcm5hbWUiOiJkaWNzYSJ9fQ.VDTtFplVvV0V5gFyQdCsMrgdBNxvtoog3upYAD2DOcs', '2024-12-09 07:07:21'),
('eyJ0eXAiOiJKV1QiLCJhbGciOiJIUzI1NiJ9.eyJpc3MiOiJodHRwOi8vbGlicmFyeS5vcmciLCJhdWQiOiJodHRwOi8vbGlicmFyeS5jb20iLCJleHAiOjE3MzM3MjgzNDEsImRhdGEiOnsidXNlcm5hbWUiOiJkaWNzYSJ9fQ.sa1xe-RbbbTTnwakdheJCK0Ju-hzX4Iq1kufq4RrWKE', '2024-12-09 07:07:32'),
('eyJ0eXAiOiJKV1QiLCJhbGciOiJIUzI1NiJ9.eyJpc3MiOiJodHRwOi8vbGlicmFyeS5vcmciLCJhdWQiOiJodHRwOi8vbGlicmFyeS5jb20iLCJleHAiOjE3MzM3MjI0MDgsImRhdGEiOnsidXNlcm5hbWUiOiJkaWNzYSJ9fQ.tkhl0d1wBwdd0Kgvj-nhFSBEZRgdC3p2tw-l4lntBdc', '2024-12-09 05:28:32'),
('eyJ0eXAiOiJKV1QiLCJhbGciOiJIUzI1NiJ9.eyJpc3MiOiJodHRwOi8vbGlicmFyeS5vcmciLCJhdWQiOiJodHRwOi8vbGlicmFyeS5jb20iLCJleHAiOjE3MzM3MjI1MDMsImRhdGEiOnsidXNlcm5hbWUiOiJkaWNzYSJ9fQ.e2_FL1W0Owpk0fzWc6lSIo502rLOhayCn5zj2b-1kdM', '2024-12-09 05:30:06'),
('eyJ0eXAiOiJKV1QiLCJhbGciOiJIUzI1NiJ9.eyJpc3MiOiJodHRwOi8vbGlicmFyeS5vcmciLCJhdWQiOiJodHRwOi8vbGlicmFyeS5jb20iLCJleHAiOjE3MzM3MjI1ODQsImRhdGEiOnsidXNlcm5hbWUiOiJkaWNzYSJ9fQ.WH7pm63OrygbKuJHy_sO6ZYn2lu6uVJqik0Ox2VBer0', '2024-12-09 04:36:28'),
('eyJ0eXAiOiJKV1QiLCJhbGciOiJIUzI1NiJ9.eyJpc3MiOiJodHRwOi8vbGlicmFyeS5vcmciLCJhdWQiOiJodHRwOi8vbGlicmFyeS5jb20iLCJleHAiOjE3MzM3MjI5MjMsImRhdGEiOnsidXNlcm5hbWUiOiJkaWNzYSJ9fQ.ejGfqjIVaehAfszZPtjpSMjO_sxvPmv1-_gotNUTuAk', '2024-12-09 05:37:04'),
('eyJ0eXAiOiJKV1QiLCJhbGciOiJIUzI1NiJ9.eyJpc3MiOiJodHRwOi8vbGlicmFyeS5vcmciLCJhdWQiOiJodHRwOi8vbGlicmFyeS5jb20iLCJleHAiOjE3MzM3MjI5NDUsImRhdGEiOnsidXNlcm5hbWUiOiJkaWNzYSJ9fQ.co2BFxIY-fXGXEZKOvIviK_paUwdBhxUnktBsndQxoY', '2024-12-09 04:42:28'),
('eyJ0eXAiOiJKV1QiLCJhbGciOiJIUzI1NiJ9.eyJpc3MiOiJodHRwOi8vbGlicmFyeS5vcmciLCJhdWQiOiJodHRwOi8vbGlicmFyeS5jb20iLCJleHAiOjE3MzM3MjIwMzUsImRhdGEiOnsidXNlcm5hbWUiOiJkaWNzYSJ9fQ.yxuDgIeiJGg8gSZ6cUpiWybjOXfP5qBRYDItU2eR6TQ', '2024-12-09 05:23:51'),
('eyJ0eXAiOiJKV1QiLCJhbGciOiJIUzI1NiJ9.eyJpc3MiOiJodHRwOi8vbGlicmFyeS5vcmciLCJhdWQiOiJodHRwOi8vbGlicmFyeS5jb20iLCJleHAiOjE3MzM3MjIwNDAsImRhdGEiOnsidXNlcm5hbWUiOiJkaWNzYSJ9fQ.nijCWLJeOJgNEgMizYURmMSl3hF9V4NtXgHe2FkdRJI', '2024-12-09 04:27:23'),
('eyJ0eXAiOiJKV1QiLCJhbGciOiJIUzI1NiJ9.eyJpc3MiOiJodHRwOi8vbGlicmFyeS5vcmciLCJhdWQiOiJodHRwOi8vbGlicmFyeS5jb20iLCJleHAiOjE3MzM3MjIwOTYsImRhdGEiOnsidXNlcm5hbWUiOiJkaWNzYSJ9fQ.638vYW-4-F5g-OwVkgBtuykM9GtX250YOmKlqhtll8Y', '2024-12-09 04:28:19'),
('eyJ0eXAiOiJKV1QiLCJhbGciOiJIUzI1NiJ9.eyJpc3MiOiJodHRwOi8vbGlicmFyeS5vcmciLCJhdWQiOiJodHRwOi8vbGlicmFyeS5jb20iLCJleHAiOjE3MzM3MjIxMzEsImRhdGEiOnsidXNlcm5hbWUiOiJkaWNzYSJ9fQ.pF3c1at7CWujA2DIi9t1-lqO4m6QbBq7nbg3nR25Cho', '2024-12-09 05:25:14'),
('eyJ0eXAiOiJKV1QiLCJhbGciOiJIUzI1NiJ9.eyJpc3MiOiJodHRwOi8vbGlicmFyeS5vcmciLCJhdWQiOiJodHRwOi8vbGlicmFyeS5jb20iLCJleHAiOjE3MzM3MjIxNjgsImRhdGEiOnsidXNlcm5hbWUiOiJkaWNzYSJ9fQ.kO2ZRyPNJ9RVz8eDK718d4L_Q7M9iY0JDiSsVSu00WY', '2024-12-09 04:29:33'),
('eyJ0eXAiOiJKV1QiLCJhbGciOiJIUzI1NiJ9.eyJpc3MiOiJodHRwOi8vbGlicmFyeS5vcmciLCJhdWQiOiJodHRwOi8vbGlicmFyeS5jb20iLCJleHAiOjE3MzM3MjIyMTUsImRhdGEiOnsidXNlcm5hbWUiOiJkaWNzYSJ9fQ.S-j9j0MtG4iMEXinkEIzCBA0ilOGMjx-iij9zrfhyW4', '2024-12-09 05:25:29'),
('eyJ0eXAiOiJKV1QiLCJhbGciOiJIUzI1NiJ9.eyJpc3MiOiJodHRwOi8vbGlicmFyeS5vcmciLCJhdWQiOiJodHRwOi8vbGlicmFyeS5jb20iLCJleHAiOjE3MzM3MjIzMDUsImRhdGEiOnsidXNlcm5hbWUiOiJkaWNzYSJ9fQ.98FD-pBe6hHqpLSEyOZTE1--OHzmowcUcYvZWdvE0eI', '2024-12-09 04:31:49'),
('eyJ0eXAiOiJKV1QiLCJhbGciOiJIUzI1NiJ9.eyJpc3MiOiJodHRwOi8vbGlicmFyeS5vcmciLCJhdWQiOiJodHRwOi8vbGlicmFyeS5jb20iLCJleHAiOjE3MzM3MjM0NjUsImRhdGEiOnsidXNlcm5hbWUiOiJkaWNzYSJ9fQ.fxuw3WwH8fI-xLRafSNmiFRDlPQkcdChDlbfYaW4X6w', '2024-12-09 05:46:07'),
('eyJ0eXAiOiJKV1QiLCJhbGciOiJIUzI1NiJ9.eyJpc3MiOiJodHRwOi8vbGlicmFyeS5vcmciLCJhdWQiOiJodHRwOi8vbGlicmFyeS5jb20iLCJleHAiOjE3MzM3MjM0NzIsImRhdGEiOnsidXNlcm5hbWUiOiJkaWNzYSJ9fQ.t2D2f2f5izQm4WOsqZbdgSiJBW5ztzWvfDtg-zP5JZs', '2024-12-09 05:46:15'),
('eyJ0eXAiOiJKV1QiLCJhbGciOiJIUzI1NiJ9.eyJpc3MiOiJodHRwOi8vbGlicmFyeS5vcmciLCJhdWQiOiJodHRwOi8vbGlicmFyeS5jb20iLCJleHAiOjE3MzM3MjM0NzksImRhdGEiOnsidXNlcm5hbWUiOiJkaWNzYSJ9fQ.ddPzdZduFU1DDo3-He5EAgK4KD74xg03yK6LdnSaEw4', '2024-12-09 05:46:20'),
('eyJ0eXAiOiJKV1QiLCJhbGciOiJIUzI1NiJ9.eyJpc3MiOiJodHRwOi8vbGlicmFyeS5vcmciLCJhdWQiOiJodHRwOi8vbGlicmFyeS5jb20iLCJleHAiOjE3MzM3MjM0NzUsImRhdGEiOnsidXNlcm5hbWUiOiJkaWNzYSJ9fQ._2PA8jmgmINFvILaKmE6ABy4D02czQfgf30yH10bRLQ', '2024-12-09 05:46:19'),
('eyJ0eXAiOiJKV1QiLCJhbGciOiJIUzI1NiJ9.eyJpc3MiOiJodHRwOi8vbGlicmFyeS5vcmciLCJhdWQiOiJodHRwOi8vbGlicmFyeS5jb20iLCJleHAiOjE3MzM3MjM0ODAsImRhdGEiOnsidXNlcm5hbWUiOiJkaWNzYSJ9fQ.PpOV9Hd6ROC8jwBihphgWo6qsTCWH_IpJr_FodXemOA', '2024-12-09 05:46:21'),
('eyJ0eXAiOiJKV1QiLCJhbGciOiJIUzI1NiJ9.eyJpc3MiOiJodHRwOi8vbGlicmFyeS5vcmciLCJhdWQiOiJodHRwOi8vbGlicmFyeS5jb20iLCJleHAiOjE3MzM3MjM0ODEsImRhdGEiOnsidXNlcm5hbWUiOiJkaWNzYSJ9fQ.Qesz57zATXrpQSEEPa9WYXGYCu0Ii17fQEWGk7ao9E8', '2024-12-09 05:46:21'),
('eyJ0eXAiOiJKV1QiLCJhbGciOiJIUzI1NiJ9.eyJpc3MiOiJodHRwOi8vbGlicmFyeS5vcmciLCJhdWQiOiJodHRwOi8vbGlicmFyeS5jb20iLCJleHAiOjE3MzM3MjM1NzMsImRhdGEiOnsidXNlcm5hbWUiOiJkaWNzYSJ9fQ.S6OuXKk9jTKyMIdBII2dqvMOjHhrXwaE62oJ8dEd43o', '2024-12-09 05:47:58'),
('eyJ0eXAiOiJKV1QiLCJhbGciOiJIUzI1NiJ9.eyJpc3MiOiJodHRwOi8vbGlicmFyeS5vcmciLCJhdWQiOiJodHRwOi8vbGlicmFyeS5jb20iLCJleHAiOjE3MzM3MjM1ODQsImRhdGEiOnsidXNlcm5hbWUiOiJkaWNzYSJ9fQ.C4Assp0K86fPcnRlLvFwEId_XziUCn_UnpMzMQ-T93Y', '2024-12-09 05:48:09'),
('eyJ0eXAiOiJKV1QiLCJhbGciOiJIUzI1NiJ9.eyJpc3MiOiJodHRwOi8vbGlicmFyeS5vcmciLCJhdWQiOiJodHRwOi8vbGlicmFyeS5jb20iLCJleHAiOjE3MzM3MjM1OTksImRhdGEiOnsidXNlcm5hbWUiOiJkaWNzYSJ9fQ.dLaskXuoTOgM3mCk1c8qG9eVM74jBHDpjuBNLaci1ek', '2024-12-09 05:48:25'),
('eyJ0eXAiOiJKV1QiLCJhbGciOiJIUzI1NiJ9.eyJpc3MiOiJodHRwOi8vbGlicmFyeS5vcmciLCJhdWQiOiJodHRwOi8vbGlicmFyeS5jb20iLCJleHAiOjE3MzM3MjM1OTUsImRhdGEiOnsidXNlcm5hbWUiOiJkaWNzYSJ9fQ._sSqvMoGTsEXmIlZSQOqT3A7xc8lArJ_x9UEK6i6sUk', '2024-12-09 05:48:18'),
('eyJ0eXAiOiJKV1QiLCJhbGciOiJIUzI1NiJ9.eyJpc3MiOiJodHRwOi8vbGlicmFyeS5vcmciLCJhdWQiOiJodHRwOi8vbGlicmFyeS5jb20iLCJleHAiOjE3MzM3MjMxNzMsImRhdGEiOnsidXNlcm5hbWUiOiJkaWNzYSJ9fQ.uaLayszv5PsPzgM5IhnQkAZgMSMWwIfwomfkua0xce0', '2024-12-09 05:41:18'),
('eyJ0eXAiOiJKV1QiLCJhbGciOiJIUzI1NiJ9.eyJpc3MiOiJodHRwOi8vbGlicmFyeS5vcmciLCJhdWQiOiJodHRwOi8vbGlicmFyeS5jb20iLCJleHAiOjE3MzM3MjMyMzYsImRhdGEiOnsidXNlcm5hbWUiOiJkaWNzYSJ9fQ.1gn2tEwVqTrGv3mqTy7jU-Oss5ikDMvkumlATRmj4Sg', '2024-12-09 05:42:18'),
('eyJ0eXAiOiJKV1QiLCJhbGciOiJIUzI1NiJ9.eyJpc3MiOiJodHRwOi8vbGlicmFyeS5vcmciLCJhdWQiOiJodHRwOi8vbGlicmFyeS5jb20iLCJleHAiOjE3MzM3MjQ0NjksImRhdGEiOnsidXNlcm5hbWUiOiJkaWNzYSJ9fQ.VBIL7CTftBqMuz9OrcvIGGnwUHpRROArH2GWw2MFPQ0', '2024-12-09 05:08:18'),
('eyJ0eXAiOiJKV1QiLCJhbGciOiJIUzI1NiJ9.eyJpc3MiOiJodHRwOi8vbGlicmFyeS5vcmciLCJhdWQiOiJodHRwOi8vbGlicmFyeS5jb20iLCJleHAiOjE3MzM3MjQyMTcsImRhdGEiOnsidXNlcm5hbWUiOiJkaWNzYSJ9fQ.jdVBb-Lnm_OlNKV-gFU9Ei3o5XoZUTh3ro6cM9KQt0s', '2024-12-09 05:58:39'),
('eyJ0eXAiOiJKV1QiLCJhbGciOiJIUzI1NiJ9.eyJpc3MiOiJodHRwOi8vbGlicmFyeS5vcmciLCJhdWQiOiJodHRwOi8vbGlicmFyeS5jb20iLCJleHAiOjE3MzM3MjU2OTYsImRhdGEiOnsidXNlcm5hbWUiOiJkaWNzYSJ9fQ.2Lc7Syk5_0ubvS_BX0VizW7Gp_f-AGbepgB-7ug3v5I', '2024-12-09 05:28:28'),
('eyJ0eXAiOiJKV1QiLCJhbGciOiJIUzI1NiJ9.eyJpc3MiOiJodHRwOi8vbGlicmFyeS5vcmciLCJhdWQiOiJodHRwOi8vbGlicmFyeS5jb20iLCJleHAiOjE3MzM3MjU3NzIsImRhdGEiOnsidXNlcm5hbWUiOiJkaWNzYSJ9fQ.QMJNbOi_82kdXO3_KM2_vgAhlHccU6fIG7asZ1OO7Eo', '2024-12-09 05:30:03'),
('eyJ0eXAiOiJKV1QiLCJhbGciOiJIUzI1NiJ9.eyJpc3MiOiJodHRwOi8vbGlicmFyeS5vcmciLCJhdWQiOiJodHRwOi8vbGlicmFyeS5jb20iLCJleHAiOjE3MzM3MjUzMDUsImRhdGEiOnsidXNlcm5hbWUiOiJkaWNzYSJ9fQ.HWLvVhh61Hl3tPUqiR4VQ7Ut_HbxMy3ZFKxdTlUXBxo', '2024-12-09 05:22:15'),
('eyJ0eXAiOiJKV1QiLCJhbGciOiJIUzI1NiJ9.eyJpc3MiOiJodHRwOi8vbGlicmFyeS5vcmciLCJhdWQiOiJodHRwOi8vbGlicmFyeS5jb20iLCJleHAiOjE3MzM3MjY1MTEsImRhdGEiOnsidXNlcm5hbWUiOiJkaWNzYSJ9fQ.WZeY4Jpi3HbXyBCP7Zv7HKb7F7LZJropjQ6bkJG16GI', '2024-12-09 05:42:16'),
('eyJ0eXAiOiJKV1QiLCJhbGciOiJIUzI1NiJ9.eyJpc3MiOiJodHRwOi8vbGlicmFyeS5vcmciLCJhdWQiOiJodHRwOi8vbGlicmFyeS5jb20iLCJleHAiOjE3MzM3MjY4NTksImRhdGEiOnsidXNlcm5hbWUiOiJkaWNzYSJ9fQ.B1tUItxRgOfmb-RsZmOk_rxMXyeyoCEeIf7W1pq3K1Y', '2024-12-09 05:47:53'),
('eyJ0eXAiOiJKV1QiLCJhbGciOiJIUzI1NiJ9.eyJpc3MiOiJodHRwOi8vbGlicmFyeS5vcmciLCJhdWQiOiJodHRwOi8vbGlicmFyeS5jb20iLCJleHAiOjE3MzM3MjYyMTIsImRhdGEiOnsidXNlcm5hbWUiOiJkaWNzYSJ9fQ.9OvXGd1F4ym7ms975SCIV4IaGQ4p9g74UhJx-t6jUCs', '2024-12-09 05:37:03'),
('eyJ0eXAiOiJKV1QiLCJhbGciOiJIUzI1NiJ9.eyJpc3MiOiJodHRwOi8vbGlicmFyeS5vcmciLCJhdWQiOiJodHRwOi8vbGlicmFyeS5jb20iLCJleHAiOjE3MzM3MTc3ODMsImRhdGEiOnsidXNlcm5hbWUiOiJkaWNzYSJ9fQ.M6W3Nmc5F8YrRmn3h4adU4j7B8MsZEmNZaBLfO2xfs0', '2024-12-09 03:16:29'),
('eyJ0eXAiOiJKV1QiLCJhbGciOiJIUzI1NiJ9.eyJpc3MiOiJodHRwOi8vbGlicmFyeS5vcmciLCJhdWQiOiJodHRwOi8vbGlicmFyeS5jb20iLCJleHAiOjE3MzM3MTcyNDIsImRhdGEiOnsidXNlcm5hbWUiOiJkaWNzYSJ9fQ.3t5W8LaNZaz-t7vl9djrm780n7jaB9Yb9n-zTM49vyA', '2024-12-09 04:02:44'),
('eyJ0eXAiOiJKV1QiLCJhbGciOiJIUzI1NiJ9.eyJpc3MiOiJodHRwOi8vbGlicmFyeS5vcmciLCJhdWQiOiJodHRwOi8vbGlicmFyeS5jb20iLCJleHAiOjE3MzM3MTcyNjQsImRhdGEiOnsidXNlcm5hbWUiOiJkaWNzYSJ9fQ.OH5hYmB8H5sLxulUfXv_KMM5mKF7IRZNEB6J2quUrBs', '2024-12-09 04:02:50'),
('eyJ0eXAiOiJKV1QiLCJhbGciOiJIUzI1NiJ9.eyJpc3MiOiJodHRwOi8vbGlicmFyeS5vcmciLCJhdWQiOiJodHRwOi8vbGlicmFyeS5jb20iLCJleHAiOjE3MzM3MTcyNzEsImRhdGEiOnsidXNlcm5hbWUiOiJkaWNzYSJ9fQ.taHqCXQ_bG79EFcPT4_zdUsZv5Zf67iQfj5Bhyc6GYk', '2024-12-09 04:04:42'),
('eyJ0eXAiOiJKV1QiLCJhbGciOiJIUzI1NiJ9.eyJpc3MiOiJodHRwOi8vbGlicmFyeS5vcmciLCJhdWQiOiJodHRwOi8vbGlicmFyeS5jb20iLCJleHAiOjE3MzM3MTczODMsImRhdGEiOnsidXNlcm5hbWUiOiJkaWNzYSJ9fQ.X4LlU3VvDnnbkH_bOPsEyFv2CrVhjVQ8d5JtVl4cI9k', '2024-12-09 04:05:12'),
('eyJ0eXAiOiJKV1QiLCJhbGciOiJIUzI1NiJ9.eyJpc3MiOiJodHRwOi8vbGlicmFyeS5vcmciLCJhdWQiOiJodHRwOi8vbGlicmFyeS5jb20iLCJleHAiOjE3MzM3MTg2ODYsImRhdGEiOnsidXNlcm5hbWUiOiJkaWNzYSJ9fQ.qnW_-ltoB801j4io7ro1kIGW7qUWAsqmNB9CRwkrxB8', '2024-12-09 03:31:40'),
('eyJ0eXAiOiJKV1QiLCJhbGciOiJIUzI1NiJ9.eyJpc3MiOiJodHRwOi8vbGlicmFyeS5vcmciLCJhdWQiOiJodHRwOi8vbGlicmFyeS5jb20iLCJleHAiOjE3MzM3MTg3MjksImRhdGEiOnsidXNlcm5hbWUiOiJkaWNzYSJ9fQ.fxYXb9xes-iSn-9Kt1aVsIEEZ3IgRUXJHJLRCD2gdnA', '2024-12-09 03:32:13'),
('eyJ0eXAiOiJKV1QiLCJhbGciOiJIUzI1NiJ9.eyJpc3MiOiJodHRwOi8vbGlicmFyeS5vcmciLCJhdWQiOiJodHRwOi8vbGlicmFyeS5jb20iLCJleHAiOjE3MzM3MTg3NTksImRhdGEiOnsidXNlcm5hbWUiOiJkaWNzYSJ9fQ.QWFvaPGzKeOhZYhGIW1iLD35uq_iypT32XEgyDpUjbs', '2024-12-09 03:32:43'),
('eyJ0eXAiOiJKV1QiLCJhbGciOiJIUzI1NiJ9.eyJpc3MiOiJodHRwOi8vbGlicmFyeS5vcmciLCJhdWQiOiJodHRwOi8vbGlicmFyeS5jb20iLCJleHAiOjE3MzM3MTgxODUsImRhdGEiOnsidXNlcm5hbWUiOiJkaWNzYSJ9fQ.GPHN7whjAVcksQ6ertPo-C80ToFTII9MClbcVSP5Vyg', '2024-12-09 03:23:07'),
('eyJ0eXAiOiJKV1QiLCJhbGciOiJIUzI1NiJ9.eyJpc3MiOiJodHRwOi8vbGlicmFyeS5vcmciLCJhdWQiOiJodHRwOi8vbGlicmFyeS5jb20iLCJleHAiOjE3MzM3MTk1MTgsImRhdGEiOnsidXNlcm5hbWUiOiJkaWNzYSJ9fQ.0GJN2CLq-94QnRjzff7jdRcYQqsSi6PTNVdvNV0UjvI', '2024-12-09 04:42:02'),
('eyJ0eXAiOiJKV1QiLCJhbGciOiJIUzI1NiJ9.eyJpc3MiOiJodHRwOi8vbGlicmFyeS5vcmciLCJhdWQiOiJodHRwOi8vbGlicmFyeS5jb20iLCJleHAiOjE3MzM3MTk2NDgsImRhdGEiOnsidXNlcm5hbWUiOiJkaWNzYSJ9fQ.cPn7Mxm3zQYfvF4pkjFHsjO4bgWg1QySMNfLPs-dwiw', '2024-12-09 04:45:44'),
('eyJ0eXAiOiJKV1QiLCJhbGciOiJIUzI1NiJ9.eyJpc3MiOiJodHRwOi8vbGlicmFyeS5vcmciLCJhdWQiOiJodHRwOi8vbGlicmFyeS5jb20iLCJleHAiOjE3MzM3MTk3MDAsImRhdGEiOnsidXNlcm5hbWUiOiJkaWNzYSJ9fQ.EyUnyYBWGhjkSSzNhUYILr7ydkOsQgF8nJ4dyEKbdJg', '2024-12-09 03:48:24'),
('eyJ0eXAiOiJKV1QiLCJhbGciOiJIUzI1NiJ9.eyJpc3MiOiJodHRwOi8vbGlicmFyeS5vcmciLCJhdWQiOiJodHRwOi8vbGlicmFyeS5jb20iLCJleHAiOjE3MzM3MTk4NDUsImRhdGEiOnsidXNlcm5hbWUiOiJkaWNzYSJ9fQ.gLrDX8gMTjvkxqOe7srhtaqPEPlt17k3NtEoaeupj_U', '2024-12-09 04:47:34'),
('eyJ0eXAiOiJKV1QiLCJhbGciOiJIUzI1NiJ9.eyJpc3MiOiJodHRwOi8vbGlicmFyeS5vcmciLCJhdWQiOiJodHRwOi8vbGlicmFyeS5jb20iLCJleHAiOjE3MzM3MTk5NTUsImRhdGEiOnsidXNlcm5hbWUiOiJkaWNzYSJ9fQ.sfzhYKvVHJlFWFNC6rrjUyoUm7xMtvUvkyhVrU-LPeo', '2024-12-09 04:48:58'),
('eyJ0eXAiOiJKV1QiLCJhbGciOiJIUzI1NiJ9.eyJpc3MiOiJodHRwOi8vbGlicmFyeS5vcmciLCJhdWQiOiJodHRwOi8vbGlicmFyeS5jb20iLCJleHAiOjE3MzM3MTkwMDksImRhdGEiOnsidXNlcm5hbWUiOiJkaWNzYSJ9fQ.sq2CiKx6L7IEdiFov81BFSBi9WY6daUEKkSvUb8HkEg', '2024-12-09 04:32:20'),
('eyJ0eXAiOiJKV1QiLCJhbGciOiJIUzI1NiJ9.eyJpc3MiOiJodHRwOi8vbGlicmFyeS5vcmciLCJhdWQiOiJodHRwOi8vbGlicmFyeS5jb20iLCJleHAiOjE3MzM3MTkwNDEsImRhdGEiOnsidXNlcm5hbWUiOiJkaWNzYSJ9fQ.TJVXuEiN950L9rcoHEfi8SS_mkeBlglzDj3YGst6xSE', '2024-12-09 04:32:42'),
('eyJ0eXAiOiJKV1QiLCJhbGciOiJIUzI1NiJ9.eyJpc3MiOiJodHRwOi8vbGlicmFyeS5vcmciLCJhdWQiOiJodHRwOi8vbGlicmFyeS5jb20iLCJleHAiOjE3MzM3MTkyODksImRhdGEiOnsidXNlcm5hbWUiOiJkaWNzYSJ9fQ.luORLnKFyzjYb72EhuNrqyG9gSYhA53JohI8S6HD7PA', '2024-12-09 04:36:37'),
('eyJ0eXAiOiJKV1QiLCJhbGciOiJIUzI1NiJ9.eyJpc3MiOiJodHRwOi8vbGlicmFyeS5vcmciLCJhdWQiOiJodHRwOi8vbGlicmFyeS5jb20iLCJleHAiOjE3MzM3MTkyOTcsImRhdGEiOnsidXNlcm5hbWUiOiJkaWNzYSJ9fQ.YMJllFNOMzsbEqWVuCWLhK8IwgiR9DlrU-nWcH5JTOs', '2024-12-09 04:40:18'),
('eyJ0eXAiOiJKV1QiLCJhbGciOiJIUzI1NiJ9.eyJpc3MiOiJodHRwOi8vbGlicmFyeS5vcmciLCJhdWQiOiJodHRwOi8vbGlicmFyeS5jb20iLCJleHAiOjE3MzM3MTMxODEsImRhdGEiOnsidXNlcm5hbWUiOiJkaWNzYSJ9fQ.UevZV8qbEAUCY7QgzvidDQ2O_n46ABRuXFdUfOz3PDI', '2024-12-09 02:54:45'),
('eyJ0eXAiOiJKV1QiLCJhbGciOiJIUzI1NiJ9.eyJpc3MiOiJodHRwOi8vbGlicmFyeS5vcmciLCJhdWQiOiJodHRwOi8vbGlicmFyeS5jb20iLCJleHAiOjE3MzM3MTY0NDQsImRhdGEiOnsidXNlcm5hbWUiOiJkaWNzYSJ9fQ.ffq44hFzmerDNPYEH8LArq3midfrVsNmMNwXfn7EbIs', '2024-12-09 02:54:26'),
('eyJ0eXAiOiJKV1QiLCJhbGciOiJIUzI1NiJ9.eyJpc3MiOiJodHRwOi8vbGlicmFyeS5vcmciLCJhdWQiOiJodHRwOi8vbGlicmFyeS5jb20iLCJleHAiOjE3MzM3MzA3MDYsImRhdGEiOnsidXNlcm5hbWUiOiJkaWNzYSJ9fQ.UPT-PjZc6ZIF-JFK8Mq6ViuuT7l-89wmWEu-mPkpuBc', '2024-12-09 06:51:59'),
('eyJ0eXAiOiJKV1QiLCJhbGciOiJIUzI1NiJ9.eyJpc3MiOiJodHRwOi8vbGlicmFyeS5vcmciLCJhdWQiOiJodHRwOi8vbGlicmFyeS5jb20iLCJleHAiOjE3MzM3MzA5NjgsImRhdGEiOnsidXNlcm5hbWUiOiJkaWNzYSJ9fQ.nh7VcGrVBjNgJ7pyI1AkN6-lpNg1M519MxeNxL2MI5w', '2024-12-09 06:56:26'),
('eyJ0eXAiOiJKV1QiLCJhbGciOiJIUzI1NiJ9.eyJpc3MiOiJodHRwOi8vbGlicmFyeS5vcmciLCJhdWQiOiJodHRwOi8vbGlicmFyeS5jb20iLCJleHAiOjE3MzM3MzE3MzYsImRhdGEiOnsidXNlcm5hbWUiOiJkaWNzYSJ9fQ.P3QAR7ypyAziZGlK_D_jbPPSTmvBr6TMAYJciRn4x1Q', '2024-12-09 08:04:20'),
('eyJ0eXAiOiJKV1QiLCJhbGciOiJIUzI1NiJ9.eyJpc3MiOiJodHRwOi8vbGlicmFyeS5vcmciLCJhdWQiOiJodHRwOi8vbGlicmFyeS5jb20iLCJleHAiOjE3MzM3MzE3NjAsImRhdGEiOnsidXNlcm5hbWUiOiJkaWNzYSJ9fQ.A-RvDGLzvrr8N8EHlIt7IEO377kwDavDAcPWD804hq4', '2024-12-09 08:04:24'),
('eyJ0eXAiOiJKV1QiLCJhbGciOiJIUzI1NiJ9.eyJpc3MiOiJodHRwOi8vbGlicmFyeS5vcmciLCJhdWQiOiJodHRwOi8vbGlicmFyeS5jb20iLCJleHAiOjE3MzM3MzE3NjQsImRhdGEiOnsidXNlcm5hbWUiOiJkaWNzYSJ9fQ.3jXKz7IRZ9o5-t50Ui57rNgMF3WSA1CGDmWWmmYwwIA', '2024-12-09 08:04:54'),
('eyJ0eXAiOiJKV1QiLCJhbGciOiJIUzI1NiJ9.eyJpc3MiOiJodHRwOi8vbGlicmFyeS5vcmciLCJhdWQiOiJodHRwOi8vbGlicmFyeS5jb20iLCJleHAiOjE3MzM3MzE4MDgsImRhdGEiOnsidXNlcm5hbWUiOiJkaWNzYSJ9fQ.jc754csf6ARSsVnAbYTmn8Spaf83Yw25HndwBeuBolY', '2024-12-09 08:05:14'),
('eyJ0eXAiOiJKV1QiLCJhbGciOiJIUzI1NiJ9.eyJpc3MiOiJodHRwOi8vbGlicmFyeS5vcmciLCJhdWQiOiJodHRwOi8vbGlicmFyeS5jb20iLCJleHAiOjE3MzM3MzE4MDQsImRhdGEiOnsidXNlcm5hbWUiOiJkaWNzYSJ9fQ.ez8fwGoJCV-GHiiTFnXKFqX71pBw5JObGsnu7l-52eg', '2024-12-09 08:05:08'),
('eyJ0eXAiOiJKV1QiLCJhbGciOiJIUzI1NiJ9.eyJpc3MiOiJodHRwOi8vbGlicmFyeS5vcmciLCJhdWQiOiJodHRwOi8vbGlicmFyeS5jb20iLCJleHAiOjE3MzM3MzE4MjcsImRhdGEiOnsidXNlcm5hbWUiOiJkaWNzYSJ9fQ.OQqTdseAY33dsEeblT013UspB-QbRs8iikuXiSz2FYM', '2024-12-09 08:05:31'),
('eyJ0eXAiOiJKV1QiLCJhbGciOiJIUzI1NiJ9.eyJpc3MiOiJodHRwOi8vbGlicmFyeS5vcmciLCJhdWQiOiJodHRwOi8vbGlicmFyeS5jb20iLCJleHAiOjE3MzM3MzE4MjEsImRhdGEiOnsidXNlcm5hbWUiOiJkaWNzYSJ9fQ.m4s-p2RRQk3j0hQ-0fQYs3qKGaJbPMJtH_xLqkf5yeY', '2024-12-09 08:05:25'),
('eyJ0eXAiOiJKV1QiLCJhbGciOiJIUzI1NiJ9.eyJpc3MiOiJodHRwOi8vbGlicmFyeS5vcmciLCJhdWQiOiJodHRwOi8vbGlicmFyeS5jb20iLCJleHAiOjE3MzM3MzE4MTQsImRhdGEiOnsidXNlcm5hbWUiOiJkaWNzYSJ9fQ.Z9E26R2154Hm-Z93EEZ8Qz0S2SHsyPxe66TUhxlRof4', '2024-12-09 08:05:20'),
('eyJ0eXAiOiJKV1QiLCJhbGciOiJIUzI1NiJ9.eyJpc3MiOiJodHRwOi8vbGlicmFyeS5vcmciLCJhdWQiOiJodHRwOi8vbGlicmFyeS5jb20iLCJleHAiOjE3MzM3MzE4MzEsImRhdGEiOnsidXNlcm5hbWUiOiJkaWNzYSJ9fQ.fSteqIG9-0eMDiOwJon4jHanGMfrtXrQbm5RqyBe6bo', '2024-12-09 08:05:40'),
('eyJ0eXAiOiJKV1QiLCJhbGciOiJIUzI1NiJ9.eyJpc3MiOiJodHRwOi8vbGlicmFyeS5vcmciLCJhdWQiOiJodHRwOi8vbGlicmFyeS5jb20iLCJleHAiOjE3MzM3MzE4NDAsImRhdGEiOnsidXNlcm5hbWUiOiJkaWNzYSJ9fQ.LWHoEAZqLMo5bUDoEBPr8hORPk4jeClBvEMgbWYqGTc', '2024-12-09 08:09:55'),
('eyJ0eXAiOiJKV1QiLCJhbGciOiJIUzI1NiJ9.eyJpc3MiOiJodHRwOi8vbGlicmFyeS5vcmciLCJhdWQiOiJodHRwOi8vbGlicmFyeS5jb20iLCJleHAiOjE3MzM3MzExNzksImRhdGEiOnsidXNlcm5hbWUiOiJkaWNzYSJ9fQ.x2OoAhYcAdAjBHo-gnGemjAU6vLS_GJ9HJ9RI6YnOKU', '2024-12-09 07:54:56'),
('eyJ0eXAiOiJKV1QiLCJhbGciOiJIUzI1NiJ9.eyJpc3MiOiJodHRwOi8vbGlicmFyeS5vcmciLCJhdWQiOiJodHRwOi8vbGlicmFyeS5jb20iLCJleHAiOjE3MzM3MzExOTYsImRhdGEiOnsidXNlcm5hbWUiOiJkaWNzYSJ9fQ.HSxtKl6IOdNq343jw_1JyTxx4DfNG_uH6mPkBIckFbU', '2024-12-09 07:55:00'),
('eyJ0eXAiOiJKV1QiLCJhbGciOiJIUzI1NiJ9.eyJpc3MiOiJodHRwOi8vbGlicmFyeS5vcmciLCJhdWQiOiJodHRwOi8vbGlicmFyeS5jb20iLCJleHAiOjE3MzM3MzEyMDAsImRhdGEiOnsidXNlcm5hbWUiOiJkaWNzYSJ9fQ.E1cH2ATHgU_JbRzwO_BNNptiEyF9dRPgQIHrSNtA-5A', '2024-12-09 07:55:03'),
('eyJ0eXAiOiJKV1QiLCJhbGciOiJIUzI1NiJ9.eyJpc3MiOiJodHRwOi8vbGlicmFyeS5vcmciLCJhdWQiOiJodHRwOi8vbGlicmFyeS5jb20iLCJleHAiOjE3MzM3MzEyMDQsImRhdGEiOnsidXNlcm5hbWUiOiJkaWNzYSJ9fQ.toHktx8jC2iJtGEaHzl20CyBjsWgL4Je-y6pwcpBnOA', '2024-12-09 07:55:25'),
('eyJ0eXAiOiJKV1QiLCJhbGciOiJIUzI1NiJ9.eyJpc3MiOiJodHRwOi8vbGlicmFyeS5vcmciLCJhdWQiOiJodHRwOi8vbGlicmFyeS5jb20iLCJleHAiOjE3MzM3MzEzMzgsImRhdGEiOnsidXNlcm5hbWUiOiJkaWNzYSJ9fQ.Oe63Q8MjCQLeCebHFIMx8kGysBo13anV5NAKYKtPx3g', '2024-12-09 07:02:27'),
('eyJ0eXAiOiJKV1QiLCJhbGciOiJIUzI1NiJ9.eyJpc3MiOiJodHRwOi8vbGlicmFyeS5vcmciLCJhdWQiOiJodHRwOi8vbGlicmFyeS5jb20iLCJleHAiOjE3MzM3MzI0NDcsImRhdGEiOnsidXNlcm5hbWUiOiJkaWNzYSJ9fQ.VYkdNYRB_iNTOU0N3nR4Ou8VQw0qwusi8sBPHWlINNo', '2024-12-09 08:15:50'),
('eyJ0eXAiOiJKV1QiLCJhbGciOiJIUzI1NiJ9.eyJpc3MiOiJodHRwOi8vbGlicmFyeS5vcmciLCJhdWQiOiJodHRwOi8vbGlicmFyeS5jb20iLCJleHAiOjE3MzM3MzI0NDQsImRhdGEiOnsidXNlcm5hbWUiOiJkaWNzYSJ9fQ.IpwdvxhFs4Fjnw1wSWpPgfBJ905ZYxJnDAIP4UvggoU', '2024-12-09 08:15:47'),
('eyJ0eXAiOiJKV1QiLCJhbGciOiJIUzI1NiJ9.eyJpc3MiOiJodHRwOi8vbGlicmFyeS5vcmciLCJhdWQiOiJodHRwOi8vbGlicmFyeS5jb20iLCJleHAiOjE3MzM3MzI0NTAsImRhdGEiOnsidXNlcm5hbWUiOiJkaWNzYSJ9fQ.8dPIzwwiiGRo_-F4-DYUpQrua9nfCs37X-ziEqCdIM0', '2024-12-09 08:16:10'),
('eyJ0eXAiOiJKV1QiLCJhbGciOiJIUzI1NiJ9.eyJpc3MiOiJodHRwOi8vbGlicmFyeS5vcmciLCJhdWQiOiJodHRwOi8vbGlicmFyeS5jb20iLCJleHAiOjE3MzM3MzIwMTIsImRhdGEiOnsidXNlcm5hbWUiOiJkaWNzYSJ9fQ.26Ceub4aD1eomlHbMN4xZhS3sT4xEIG4zXPxElTCBOA', '2024-12-09 07:13:40'),
('eyJ0eXAiOiJKV1QiLCJhbGciOiJIUzI1NiJ9.eyJpc3MiOiJodHRwOi8vbGlicmFyeS5vcmciLCJhdWQiOiJodHRwOi8vbGlicmFyeS5jb20iLCJleHAiOjE3MzM3MzQ0NjMsImRhdGEiOnsidXNlcm5hbWUiOiJkaWNzYSJ9fQ.XZdblsS99xvGhLv1FwJ4_viDyDLjZOvUW2mvU5fWEbg', '2024-12-09 07:54:38'),
('eyJ0eXAiOiJKV1QiLCJhbGciOiJIUzI1NiJ9.eyJpc3MiOiJodHRwOi8vbGlicmFyeS5vcmciLCJhdWQiOiJodHRwOi8vbGlicmFyeS5jb20iLCJleHAiOjE3MzM3MzQ5NDAsImRhdGEiOnsidXNlcm5hbWUiOiJkaWNzYSJ9fQ.c6EiB4UYoOlBhCmPQ1XcR6c1ea_oPiJhr3r2NkmKEHE', '2024-12-09 08:02:25'),
('eyJ0eXAiOiJKV1QiLCJhbGciOiJIUzI1NiJ9.eyJpc3MiOiJodHRwOi8vbGlicmFyeS5vcmciLCJhdWQiOiJodHRwOi8vbGlicmFyeS5jb20iLCJleHAiOjE3MzM3MzU3NDAsImRhdGEiOnsidXNlcm5hbWUiOiJkaWNzYSJ9fQ.c_UZ-V5Zk8ZAIaQh_3JO6kJgryENdUpiI0_PpjHMZ7E', '2024-12-09 08:15:44'),
('eyJ0eXAiOiJKV1QiLCJhbGciOiJIUzI1NiJ9.eyJpc3MiOiJodHRwOi8vbGlicmFyeS5vcmciLCJhdWQiOiJodHRwOi8vbGlicmFyeS5jb20iLCJleHAiOjE3MzM3MzUwMDIsImRhdGEiOnsidXNlcm5hbWUiOiJkaWNzYSJ9fQ.r8qfNUigwQkjisahyG_4DEaYw1yg__xCO6IxpOiOBiM', '2024-12-09 08:03:28'),
('eyJ0eXAiOiJKV1QiLCJhbGciOiJIUzI1NiJ9.eyJpc3MiOiJodHRwOi8vbGlicmFyeS5vcmciLCJhdWQiOiJodHRwOi8vbGlicmFyeS5jb20iLCJleHAiOjE3MzM3MzUwMzMsImRhdGEiOnsidXNlcm5hbWUiOiJkaWNzYSJ9fQ.uyULHQdkVau_QloSUMuPxPp_A6_XM-kXs2vZUvIgLNs', '2024-12-09 08:03:56'),
('eyJ0eXAiOiJKV1QiLCJhbGciOiJIUzI1NiJ9.eyJpc3MiOiJodHRwOi8vbGlicmFyeS5vcmciLCJhdWQiOiJodHRwOi8vbGlicmFyeS5jb20iLCJleHAiOjE3MzM4MjI3NjksImRhdGEiOnsidXNlcm5hbWUiOiJkaWNzYSJ9fQ.3xwOclh8NS1msm4sLoTyx52POSMsLQbZ4Sa1EDWLDTw', '2024-12-10 09:21:13'),
('eyJ0eXAiOiJKV1QiLCJhbGciOiJIUzI1NiJ9.eyJpc3MiOiJodHRwOi8vbGlicmFyeS5vcmciLCJhdWQiOiJodHRwOi8vbGlicmFyeS5jb20iLCJleHAiOjE3MzM4MjI3NTcsImRhdGEiOnsidXNlcm5hbWUiOiJkaWNzYSJ9fQ.vzyvZRMetYtBdPkWi_WnPQEi0AbbPDQm1JNtP2mSO_Y', '2024-12-10 09:21:09'),
('eyJ0eXAiOiJKV1QiLCJhbGciOiJIUzI1NiJ9.eyJpc3MiOiJodHRwOi8vbGlicmFyeS5vcmciLCJhdWQiOiJodHRwOi8vbGlicmFyeS5jb20iLCJleHAiOjE3MzM4MjI3NTMsImRhdGEiOnsidXNlcm5hbWUiOiJkaWNzYSJ9fQ.y6AnKQ0zC30uTLRHa_iAuSRqsuzv6RwZW7DzUuM2vLI', '2024-12-10 09:20:57'),
('eyJ0eXAiOiJKV1QiLCJhbGciOiJIUzI1NiJ9.eyJpc3MiOiJodHRwOi8vbGlicmFyeS5vcmciLCJhdWQiOiJodHRwOi8vbGlicmFyeS5jb20iLCJleHAiOjE3MzM4MjU5NzIsImRhdGEiOnsidXNlcm5hbWUiOiJkaWNzYSJ9fQ.AK1dkHV3agymCzBkweQmXq3ua36tCcAAhBJeIGtts88', '2024-12-10 09:20:36'),
('eyJ0eXAiOiJKV1QiLCJhbGciOiJIUzI1NiJ9.eyJpc3MiOiJodHRwOi8vbGlicmFyeS5vcmciLCJhdWQiOiJodHRwOi8vbGlicmFyeS5jb20iLCJleHAiOjE3MzM4Mzk4ODIsImRhdGEiOnsidXNlcm5hbWUiOiJwb2dpIn19.TRffAMesxPUVOTAuvhLVWq5x0DhU3e3A206kWlTivrw', '2024-12-10 13:11:45'),
('eyJ0eXAiOiJKV1QiLCJhbGciOiJIUzI1NiJ9.eyJpc3MiOiJodHRwOi8vbGlicmFyeS5vcmciLCJhdWQiOiJodHRwOi8vbGlicmFyeS5jb20iLCJleHAiOjE3MzM4MzU3MDksImRhdGEiOnsidXNlcm5hbWUiOiJkaWNzYSJ9fQ._ZSn4j2dDWD-JM7W2MMyozJIV_FnelB29twjwvAfCQE', '2024-12-10 12:06:43'),
('eyJ0eXAiOiJKV1QiLCJhbGciOiJIUzI1NiJ9.eyJpc3MiOiJodHRwOi8vbGlicmFyeS5vcmciLCJhdWQiOiJodHRwOi8vbGlicmFyeS5jb20iLCJleHAiOjE3MzM4MzY2MjgsImRhdGEiOnsidXNlcm5hbWUiOiJwb2dpIn19.RtauFB1PNjgFDlccrOHgrlmhV-f06yKGMqzlZR5a1vE', '2024-12-10 13:12:24'),
('eyJ0eXAiOiJKV1QiLCJhbGciOiJIUzI1NiJ9.eyJpc3MiOiJodHRwOi8vbGlicmFyeS5vcmciLCJhdWQiOiJodHRwOi8vbGlicmFyeS5jb20iLCJleHAiOjE3MzM4MzY2MjIsImRhdGEiOnsidXNlcm5hbWUiOiJwb2dpIn19.NFGvHba9bNuEf65U8fdy0Ib-C85FnTtAAt_3lo1XzHo', '2024-12-10 13:12:08'),
('eyJ0eXAiOiJKV1QiLCJhbGciOiJIUzI1NiJ9.eyJpc3MiOiJodHRwOi8vbGlicmFyeS5vcmciLCJhdWQiOiJodHRwOi8vbGlicmFyeS5jb20iLCJleHAiOjE3MzM4MzY2NDQsImRhdGEiOnsidXNlcm5hbWUiOiJwb2dpIn19.3FfhFa03w6SUfS0mrVnlKmQLUUEtUlc2qBJ_crZYMD0', '2024-12-10 13:12:39'),
('eyJ0eXAiOiJKV1QiLCJhbGciOiJIUzI1NiJ9.eyJpc3MiOiJodHRwOi8vbGlicmFyeS5vcmciLCJhdWQiOiJodHRwOi8vbGlicmFyeS5jb20iLCJleHAiOjE3MzM4MzY2NTksImRhdGEiOnsidXNlcm5hbWUiOiJwb2dpIn19.lq_i7TxlghuvSyhkvi-prI2RPD19tLCRK5VXEZPLDDk', '2024-12-10 13:12:53'),
('eyJ0eXAiOiJKV1QiLCJhbGciOiJIUzI1NiJ9.eyJpc3MiOiJodHRwOi8vbGlicmFyeS5vcmciLCJhdWQiOiJodHRwOi8vbGlicmFyeS5jb20iLCJleHAiOjE3MzM4MzY2NzcsImRhdGEiOnsidXNlcm5hbWUiOiJwb2dpIn19.M6lktUsLLe3wYRWsKtFtLwFyKwPNGhZhHlfbmpLL_2Q', '2024-12-10 13:13:38'),
('eyJ0eXAiOiJKV1QiLCJhbGciOiJIUzI1NiJ9.eyJpc3MiOiJodHRwOi8vbGlicmFyeS5vcmciLCJhdWQiOiJodHRwOi8vbGlicmFyeS5jb20iLCJleHAiOjE3MzM4MzY3MTksImRhdGEiOnsidXNlcm5hbWUiOiJwb2dpIn19.YqRZtraE5Hs6k1fJWDFukvlk6N8YvDDjjn_775GenZk', '2024-12-10 13:14:13'),
('eyJ0eXAiOiJKV1QiLCJhbGciOiJIUzI1NiJ9.eyJpc3MiOiJodHRwOi8vbGlicmFyeS5vcmciLCJhdWQiOiJodHRwOi8vbGlicmFyeS5jb20iLCJleHAiOjE3MzM4MzY3NTQsImRhdGEiOnsidXNlcm5hbWUiOiJwb2dpIn19.jC2PmQdmME7gsDJDew5NSL9_D5jK273aIGFMiCyib_w', '2024-12-10 13:14:33'),
('eyJ0eXAiOiJKV1QiLCJhbGciOiJIUzI1NiJ9.eyJpc3MiOiJodHRwOi8vbGlicmFyeS5vcmciLCJhdWQiOiJodHRwOi8vbGlicmFyeS5jb20iLCJleHAiOjE3MzM4MzY3NzMsImRhdGEiOnsidXNlcm5hbWUiOiJwb2dpIn19.zP8KpSO-H4Py43zdVxX-a8bOrFPZvE0slpGXKswleZ8', '2024-12-10 13:16:14'),
('eyJ0eXAiOiJKV1QiLCJhbGciOiJIUzI1NiJ9.eyJpc3MiOiJodHRwOi8vbGlicmFyeS5vcmciLCJhdWQiOiJodHRwOi8vbGlicmFyeS5jb20iLCJleHAiOjE3MzM4MzY4NzQsImRhdGEiOnsidXNlcm5hbWUiOiJwb2dpIn19.5c40YPCyLLS9_4Kp2qtH4raaPtqBTb8H6-nVY9qZwvk', '2024-12-10 13:20:05'),
('eyJ0eXAiOiJKV1QiLCJhbGciOiJIUzI1NiJ9.eyJpc3MiOiJodHRwOi8vbGlicmFyeS5vcmciLCJhdXMiOiJodHRwOi8vbGlicmFyeS5jb20iLCJleHAiOjE3MzI1NDMwMzgsImRhdGEiOnsidXNlcm5hbWUiOiJmYWdvdCJ9fQ.8EGow2WzpE8JDI5_vMpS_R50DEJxVMfvmxNVqTU0K-E', '2024-11-25 13:53:13'),
('eyJ0eXAiOiJKV1QiLCJhbGciOiJIUzI1NiJ9.eyJpc3MiOiJodHRwOi8vbGlicmFyeS5vcmciLCJhdXMiOiJodHRwOi8vbGlicmFyeS5jb20iLCJleHAiOjE3MzI1NDQ0OTcsImRhdGEiOnsidXNlcm5hbWUiOiJmYWdvdCJ9fQ.yZVv8zQV_FsRW1UhRAOGiWzI6E69YyBjdvNgMUdf1qQ', '2024-11-25 14:17:03'),
('eyJ0eXAiOiJKV1QiLCJhbGciOiJIUzI1NiJ9.eyJpc3MiOiJodHRwOi8vbGlicmFyeS5vcmciLCJhdXMiOiJodHRwOi8vbGlicmFyeS5jb20iLCJleHAiOjE3MzI1NDQ2MjEsImRhdGEiOnsidXNlcm5hbWUiOiJmYWdvdCJ9fQ._rTBXom7PWn-1pStJ5s4f0XOz-EBpytiWWdk0tKSTNk', '2024-11-25 14:18:55'),
('eyJ0eXAiOiJKV1QiLCJhbGciOiJIUzI1NiJ9.eyJpc3MiOiJodHRwOi8vbGlicmFyeS5vcmciLCJhdXMiOiJodHRwOi8vbGlicmFyeS5jb20iLCJleHAiOjE3MzI1NDQ4NDUsImRhdGEiOnsidXNlcm5hbWUiOiJmYWdvdCJ9fQ.JX6eH-TjeAqKzPwEnHJAFd82Hh71IiUZbekhBNK7C0s', '2024-11-25 14:22:36'),
('eyJ0eXAiOiJKV1QiLCJhbGciOiJIUzI1NiJ9.eyJpc3MiOiJodHRwOi8vbGlicmFyeS5vcmciLCJhdXMiOiJodHRwOi8vbGlicmFyeS5jb20iLCJleHAiOjE3MzI1NDQ5MDgsImRhdGEiOnsidXNlcm5hbWUiOiJmYWdvdCJ9fQ.LBcWDYuKi3USz7LKi_F3zmDv71pGwu8gwHZ6ooZxwh4', '2024-11-25 14:23:38'),
('eyJ0eXAiOiJKV1QiLCJhbGciOiJIUzI1NiJ9.eyJpc3MiOiJodHRwOi8vbGlicmFyeS5vcmciLCJhdXMiOiJodHRwOi8vbGlicmFyeS5jb20iLCJleHAiOjE3MzI1NDQyMTMsImRhdGEiOnsidXNlcm5hbWUiOiJmYWdvdCJ9fQ.2gazwrhy0RT7HF5SCd-qIYBLJONV2d8vsa9ITzsd1Tc', '2024-11-25 14:12:12'),
('eyJ0eXAiOiJKV1QiLCJhbGciOiJIUzI1NiJ9.eyJpc3MiOiJodHRwOi8vbGlicmFyeS5vcmciLCJhdXMiOiJodHRwOi8vbGlicmFyeS5jb20iLCJleHAiOjE3MzI1NDQzMTMsImRhdGEiOnsidXNlcm5hbWUiOiJmYWdvdCJ9fQ.2mcNHT-LJVPE3VHlqJhCoI9_9ZSDGKhxbI6OwkCjel8', '2024-11-25 14:13:44'),
('eyJ0eXAiOiJKV1QiLCJhbGciOiJIUzI1NiJ9.eyJpc3MiOiJodHRwOi8vbGlicmFyeS5vcmciLCJhdXMiOiJodHRwOi8vbGlicmFyeS5jb20iLCJleHAiOjE3MzI2ODI3NjUsImRhdGEiOnsidXNlcm5hbWUiOiJqdWdzdHYifX0.VQalD-Jg8FiuDqj3Zy76zqbvjs0MZZX959NOWMS_WD4', '2024-11-27 04:41:17'),
('eyJ0eXAiOiJKV1QiLCJhbGciOiJIUzI1NiJ9.eyJpc3MiOiJodHRwOi8vbGlicmFyeS5vcmciLCJhdXMiOiJodHRwOi8vbGlicmFyeS5jb20iLCJleHAiOjE3MzM2NjM0NTUsImRhdGEiOnsidXNlcm5hbWUiOiJkaWNzYSJ9fQ.6W2SdRCl1JCnJ0zsFzCNTBJwKHGaoAXOuoCL9a8RJhM', '2024-12-08 13:09:03'),
('eyJ0eXAiOiJKV1QiLCJhbGciOiJIUzI1NiJ9.eyJpc3MiOiJodHRwOi8vbGlicmFyeS5vcmciLCJhdXMiOiJodHRwOi8vbGlicmFyeS5jb20iLCJleHAiOjE3MzM2NjM2NDMsImRhdGEiOnsidXNlcm5hbWUiOiJkaWNzYSJ9fQ.wWy3xwfILqdTPSJnsrdC-hHLuAvuGcvx7dK1KPNjxHc', '2024-12-08 13:09:04'),
('eyJ0eXAiOiJKV1QiLCJhbGciOiJIUzI1NiJ9.eyJpc3MiOiJodHRwOi8vbGlicmFyeS5vcmciLCJhdXMiOiJodHRwOi8vbGlicmFyeS5jb20iLCJleHAiOjE3MzM2NjM2ODYsImRhdGEiOnsidXNlcm5hbWUiOiJkaWNzYSJ9fQ.mC_DCFenMCSCgosknuV6E9rgDv4JjOm1BmFLjy11TOo', '2024-12-08 13:11:38'),
('eyJ0eXAiOiJKV1QiLCJhbGciOiJIUzI1NiJ9.eyJpc3MiOiJodHRwOi8vbGlicmFyeS5vcmciLCJhdXMiOiJodHRwOi8vbGlicmFyeS5jb20iLCJleHAiOjE3MzM2NjM3OTgsImRhdGEiOnsidXNlcm5hbWUiOiJkaWNzYSJ9fQ.oJV5foq8KpZe1pwpcUPCRjUDG6x6HmrezqUJUadWhyM', '2024-12-08 13:11:50'),
('eyJ0eXAiOiJKV1QiLCJhbGciOiJIUzI1NiJ9.eyJpc3MiOiJodHRwOi8vbGlicmFyeS5vcmciLCJhdXMiOiJodHRwOi8vbGlicmFyeS5jb20iLCJleHAiOjE3MzM2NjM4MTAsImRhdGEiOnsidXNlcm5hbWUiOiJkaWNzYSJ9fQ.bEFeppPxmyc8uIJkmCf6oMF4S1b4AdSlsqDlE8WRxzc', '2024-12-08 13:12:54'),
('eyJ0eXAiOiJKV1QiLCJhbGciOiJIUzI1NiJ9.eyJpc3MiOiJodHRwOi8vbGlicmFyeS5vcmciLCJhdXMiOiJodHRwOi8vbGlicmFyeS5jb20iLCJleHAiOjE3MzM2NjM4NzUsImRhdGEiOnsidXNlcm5hbWUiOiJkaWNzYSJ9fQ.V0p11eRImrkOzS2kxGxBUStsId3vocC6PfT_e426kdE', '2024-12-08 13:13:16'),
('eyJ0eXAiOiJKV1QiLCJhbGciOiJIUzI1NiJ9.eyJpc3MiOiJodHRwOi8vbGlicmFyeS5vcmciLCJhdXMiOiJodHRwOi8vbGlicmFyeS5jb20iLCJleHAiOjE3MzM3MjI5MjQsImRhdGEiOnsidXNlcm5hbWUiOiJkaWNzYSJ9fQ.Zt9nYSMeMbIYSTOKnrx284NxsbIummPy_2x0YhNM2mg', '2024-12-09 05:41:13'),
('eyJ0eXAiOiJKV1QiLCJhbGciOiJIUzI1NiJ9.eyJpc3MiOiJodHRwOi8vbGlicmFyeS5vcmciLCJhdXMiOiJodHRwOi8vbGlicmFyeS5jb20iLCJleHAiOjE3MzM3MjM0NjcsImRhdGEiOnsidXNlcm5hbWUiOiJkaWNzYSJ9fQ.lMUpOvzE7TiX9jCgeQz1mSVfVMyAnT2Z6ZfTymOv2MI', '2024-12-09 05:46:12'),
('eyJ0eXAiOiJKV1QiLCJhbGciOiJIUzI1NiJ9.eyJpc3MiOiJodHRwOi8vbGlicmFyeS5vcmciLCJhdXMiOiJodHRwOi8vbGlicmFyeS5jb20iLCJleHAiOjE3MzM3MjM1NzgsImRhdGEiOnsidXNlcm5hbWUiOiJkaWNzYSJ9fQ.SiJJcqMRsRErwE1fL_nuFZCCPFE7MFT2-19IHbCbhGc', '2024-12-09 05:48:04'),
('eyJ0eXAiOiJKV1QiLCJhbGciOiJIUzI1NiJ9.eyJpc3MiOiJodHRwOi8vbGlicmFyeS5vcmciLCJhdXMiOiJodHRwOi8vbGlicmFyeS5jb20iLCJleHAiOjE3MzM3MjM1OTAsImRhdGEiOnsidXNlcm5hbWUiOiJkaWNzYSJ9fQ.t_-fFH8N0cfhOBTutjh8unaqJa7F5zroZVuITYFpH4c', '2024-12-09 05:48:15'),
('eyJ0eXAiOiJKV1QiLCJhbGciOiJIUzI1NiJ9.eyJpc3MiOiJodHRwOi8vbGlicmFyeS5vcmciLCJhdXMiOiJodHRwOi8vbGlicmFyeS5jb20iLCJleHAiOjE3MzM3MjM1OTgsImRhdGEiOnsidXNlcm5hbWUiOiJkaWNzYSJ9fQ.XXX9qF_3X71NIDXNkUF4MnjFIYdqtvJeEtxNWN6OXuU', '2024-12-09 05:48:19'),
('eyJ0eXAiOiJKV1QiLCJhbGciOiJIUzI1NiJ9.eyJpc3MiOiJodHRwOi8vbGlicmFyeS5vcmciLCJhdXMiOiJodHRwOi8vbGlicmFyeS5jb20iLCJleHAiOjE3MzM3MjMyMzgsImRhdGEiOnsidXNlcm5hbWUiOiJkaWNzYSJ9fQ.15-i-O5ZXLeyORGIgaVwFN8hCmjNuO3ACQO-aWVxgz0', '2024-12-09 05:46:05'),
('eyJ0eXAiOiJKV1QiLCJhbGciOiJIUzI1NiJ9.eyJpc3MiOiJodHRwOi8vbGlicmFyeS5vcmciLCJhdXMiOiJodHRwOi8vbGlicmFyeS5jb20iLCJleHAiOjE3MzM3MjQyMTksImRhdGEiOnsidXNlcm5hbWUiOiJkaWNzYSJ9fQ.rTC7WqCniSn1VXC3Pz1Q83jys7LCdHOos-rpNiSNoTU', '2024-12-09 05:58:41'),
('eyJ0eXAiOiJKV1QiLCJhbGciOiJIUzI1NiJ9.eyJpc3MiOiJodHRwOi8vbGlicmFyeS5vcmciLCJhdXMiOiJodHRwOi8vbGlicmFyeS5jb20iLCJleHAiOjE3MzM3MzE4MjUsImRhdGEiOnsidXNlcm5hbWUiOiJkaWNzYSJ9fQ.eUs-fgHXL_aWmwTC9rocFigmDsuSiCC5XX1g9Sddbsg', '2024-12-09 08:05:27'),
('eyJ0eXAiOiJKV1QiLCJhbGciOiJIUzI1NiJ9.eyJpc3MiOiJodHRwOi8vbGlicmFyeS5vcmciLCJhdXMiOiJodHRwOi8vbGlicmFyeS5jb20iLCJleHAiOjE3MzM4MzcxMDUsImRhdGEiOnsidXNlcm5hbWUiOiJwb2dpIn19.xlw-Fu4XG6Oxv-0sYr9H1Zu--x6rhRLkNizHBSLeYuw', '2024-12-10 13:20:07'),
('eyJ0eXAiOiJKV1QiLCJhbGciOiJIUzI1NiJ9.eyJpc3MiOiJodHRwOi8vbGlicmFyeS5vcmciLCJhdXMiOiJodHRwOi8vbGlicmFyeS5jb20iLCJleHAiOjE3MzM4MzY2NzMsImRhdGEiOnsidXNlcm5hbWUiOiJwb2dpIn19.0wAaZrxU60fNRokPNlIOctH_20k2n4hMeCLZ-WseDAY', '2024-12-10 13:12:57');

-- --------------------------------------------------------

--
-- Table structure for table `users`
--

CREATE TABLE `users` (
  `userId` int(9) NOT NULL,
  `username` char(255) NOT NULL,
  `password` char(255) NOT NULL
) ENGINE=InnoDB DEFAULT CHARSET=utf8mb4 COLLATE=utf8mb4_general_ci;

--
-- Dumping data for table `users`
--

INSERT INTO `users` (`userId`, `username`, `password`) VALUES
(72, 'black', '03ac674216f3e15c761ee1a5e255f067953623c8b388b4459e13f978d7c846f4'),
(73, 'yuyuy', '94911c5176be2e43a09fd03a55732fef0f56a61fcf56d6486d7b21dfae5cdb01'),
(74, 'user1', '03ac674216f3e15c761ee1a5e255f067953623c8b388b4459e13f978d7c846f4'),
(75, 'fagot', '03ac674216f3e15c761ee1a5e255f067953623c8b388b4459e13f978d7c846f4'),
(76, 'jugstv', '03ac674216f3e15c761ee1a5e255f067953623c8b388b4459e13f978d7c846f4'),
(77, 'helloworld', '8d969eef6ecad3c29a3a629280e686cf0c3f5d5a86aff3ca12020c923adc6c92'),
(78, 'yol', 'a665a45920422f9d417e4867efdc4fb8a04a1f3fff1fa07e998e86f7f7a27ae3'),
(79, 'fedow', '03ac674216f3e15c761ee1a5e255f067953623c8b388b4459e13f978d7c846f4'),
(80, '89street', '03ac674216f3e15c761ee1a5e255f067953623c8b388b4459e13f978d7c846f4'),
(81, '892street', '03ac674216f3e15c761ee1a5e255f067953623c8b388b4459e13f978d7c846f4'),
(82, 'nara', 'a665a45920422f9d417e4867efdc4fb8a04a1f3fff1fa07e998e86f7f7a27ae3'),
(83, 'yusef', 'a665a45920422f9d417e4867efdc4fb8a04a1f3fff1fa07e998e86f7f7a27ae3'),
(84, 'seyodef', 'a665a45920422f9d417e4867efdc4fb8a04a1f3fff1fa07e998e86f7f7a27ae3'),
(85, 'seyodef1', 'a665a45920422f9d417e4867efdc4fb8a04a1f3fff1fa07e998e86f7f7a27ae3'),
(86, 'uiid', 'a665a45920422f9d417e4867efdc4fb8a04a1f3fff1fa07e998e86f7f7a27ae3'),
(87, '778', 'a665a45920422f9d417e4867efdc4fb8a04a1f3fff1fa07e998e86f7f7a27ae3'),
(88, 'karl', 'a665a45920422f9d417e4867efdc4fb8a04a1f3fff1fa07e998e86f7f7a27ae3'),
(89, '89', '6b51d431df5d7f141cbececcf79edf3dd861c3b4069f0b11661a3eefacbba918'),
(90, 'iof', 'a665a45920422f9d417e4867efdc4fb8a04a1f3fff1fa07e998e86f7f7a27ae3'),
(91, 'iof2', 'a665a45920422f9d417e4867efdc4fb8a04a1f3fff1fa07e998e86f7f7a27ae3'),
(92, 'dicsa', 'a665a45920422f9d417e4867efdc4fb8a04a1f3fff1fa07e998e86f7f7a27ae3'),
(93, 'dicsa2', 'a665a45920422f9d417e4867efdc4fb8a04a1f3fff1fa07e998e86f7f7a27ae3'),
(94, 'dicsa3', 'a665a45920422f9d417e4867efdc4fb8a04a1f3fff1fa07e998e86f7f7a27ae3'),
(95, 'dicsa5', 'a665a45920422f9d417e4867efdc4fb8a04a1f3fff1fa07e998e86f7f7a27ae3'),
(96, 'dicsa6', 'a665a45920422f9d417e4867efdc4fb8a04a1f3fff1fa07e998e86f7f7a27ae3'),
(97, 'dicsa7', 'a665a45920422f9d417e4867efdc4fb8a04a1f3fff1fa07e998e86f7f7a27ae3'),
(98, '', 'e3b0c44298fc1c149afbf4c8996fb92427ae41e4649b934ca495991b7852b855'),
(99, 'fo', 'a665a45920422f9d417e4867efdc4fb8a04a1f3fff1fa07e998e86f7f7a27ae3'),
(100, 'yoyo', 'a665a45920422f9d417e4867efdc4fb8a04a1f3fff1fa07e998e86f7f7a27ae3'),
(101, 'nessed', 'a665a45920422f9d417e4867efdc4fb8a04a1f3fff1fa07e998e86f7f7a27ae3'),
(102, 'tol4', 'a665a45920422f9d417e4867efdc4fb8a04a1f3fff1fa07e998e86f7f7a27ae3'),
(103, 'yut', 'a665a45920422f9d417e4867efdc4fb8a04a1f3fff1fa07e998e86f7f7a27ae3'),
(104, 'tol5', 'a665a45920422f9d417e4867efdc4fb8a04a1f3fff1fa07e998e86f7f7a27ae3'),
(105, 'tol7', 'a665a45920422f9d417e4867efdc4fb8a04a1f3fff1fa07e998e86f7f7a27ae3'),
(106, 'tol8', 'a665a45920422f9d417e4867efdc4fb8a04a1f3fff1fa07e998e86f7f7a27ae3'),
(107, 'tol9', 'a665a45920422f9d417e4867efdc4fb8a04a1f3fff1fa07e998e86f7f7a27ae3'),
(108, 'pogi', 'a665a45920422f9d417e4867efdc4fb8a04a1f3fff1fa07e998e86f7f7a27ae3');

--
-- Indexes for dumped tables
--

--
-- Indexes for table `authors`
--
ALTER TABLE `authors`
  ADD PRIMARY KEY (`authorId`);

--
-- Indexes for table `books`
--
ALTER TABLE `books`
  ADD PRIMARY KEY (`bookId`),
  ADD KEY `authorId` (`authorId`);

--
-- Indexes for table `books_authors`
--
ALTER TABLE `books_authors`
  ADD PRIMARY KEY (`collectionId`),
  ADD KEY `bookId` (`bookId`),
  ADD KEY `authorId` (`authorId`);

--
-- Indexes for table `used_tokens`
--
ALTER TABLE `used_tokens`
  ADD PRIMARY KEY (`token`);

--
-- Indexes for table `users`
--
ALTER TABLE `users`
  ADD PRIMARY KEY (`userId`);

--
-- AUTO_INCREMENT for dumped tables
--

--
-- AUTO_INCREMENT for table `authors`
--
ALTER TABLE `authors`
  MODIFY `authorId` int(9) NOT NULL AUTO_INCREMENT, AUTO_INCREMENT=124;

--
-- AUTO_INCREMENT for table `books`
--
ALTER TABLE `books`
  MODIFY `bookId` int(9) NOT NULL AUTO_INCREMENT, AUTO_INCREMENT=45;

--
-- AUTO_INCREMENT for table `books_authors`
--
ALTER TABLE `books_authors`
  MODIFY `collectionId` int(9) NOT NULL AUTO_INCREMENT, AUTO_INCREMENT=40;

--
-- AUTO_INCREMENT for table `users`
--
ALTER TABLE `users`
  MODIFY `userId` int(9) NOT NULL AUTO_INCREMENT, AUTO_INCREMENT=109;

--
-- Constraints for dumped tables
--

--
-- Constraints for table `books`
--
ALTER TABLE `books`
  ADD CONSTRAINT `books_ibfk_1` FOREIGN KEY (`authorId`) REFERENCES `authors` (`authorId`) ON DELETE CASCADE ON UPDATE CASCADE;

--
-- Constraints for table `books_authors`
--
ALTER TABLE `books_authors`
  ADD CONSTRAINT `books_authors_ibfk_1` FOREIGN KEY (`bookId`) REFERENCES `books` (`bookId`) ON DELETE CASCADE ON UPDATE CASCADE,
  ADD CONSTRAINT `books_authors_ibfk_2` FOREIGN KEY (`authorId`) REFERENCES `authors` (`authorId`) ON DELETE CASCADE ON UPDATE CASCADE;
COMMIT;

/*!40101 SET CHARACTER_SET_CLIENT=@OLD_CHARACTER_SET_CLIENT */;
/*!40101 SET CHARACTER_SET_RESULTS=@OLD_CHARACTER_SET_RESULTS */;
/*!40101 SET COLLATION_CONNECTION=@OLD_COLLATION_CONNECTION */;
